k,S1,S2,r_LILA,r_WCA02,r_WCA03
0.01,0.93765,0.93765,-7.785256193752994,-8.027656528193052,-8.645975917794203
0.015,0.93765,0.93765,-4.713569616025322,-4.916848348324914,-5.619128865779901
0.02,0.93765,0.93765,-3.3639145521035907,-3.517823302830082,-4.1342548347077255
0.025,0.93765,0.93765,-2.3359561446156616,-2.487165686508297,-3.1005507650015436
0.03,0.93765,0.93765,-1.5413899996439582,-1.7100207216568348,-2.371169758945268
0.035,0.93765,0.93765,-0.9474058019587236,-1.1270596528378212,-1.8628075281920802
0.04,0.93765,0.93765,-0.37962727520075773,-0.5730647696713972,-1.4163400284102647
0.045000000000000005,0.93765,0.93765,0.1724024175441704,-0.05873860999242529,-1.0362570156682016
0.05,0.93765,0.93765,0.6970332919923568,0.41278039992729787,-0.7146424171235853
0.055,0.93765,0.93765,1.2667259712970689,0.9217499374112108,-0.37796223448012645
0.060000000000000005,0.93765,0.93765,1.7546331555964068,1.3555512587632097,-0.1098004139703402
0.065,0.93765,0.93765,2.117952119531683,1.6809467802422602,0.07837276843343607
0.06999999999999999,0.93765,0.93765,2.6180616773952226,2.148870992365301,0.3843122683319425
0.075,0.93765,0.93765,2.9747138869987655,2.48859045030474,0.5979487411886116
0.08,0.93765,0.93765,3.3398930347855864,2.837699229841599,0.8228613865935256
0.08499999999999999,0.93765,0.93765,3.709476958102266,3.1857364518745492,1.05024600720409
0.09,0.93765,0.93765,4.096672366492577,3.543109217446643,1.2862366566187977
0.01,0.8883,0.93765,-11.840297789023678,-12.082698123463734,-12.701017513064887
0.015,0.8883,0.93765,-7.417855154469384,-7.621270857884866,-8.324050787254915
0.02,0.8883,0.93765,-5.439761708897087,-5.607395999593412,-6.253314277120424
0.025,0.8883,0.93765,-4.2186478050769525,-4.3826416443837095,-5.020318839034932
0.03,0.8883,0.93765,-3.313503788019329,-3.481228008494499,-4.129282116764546
0.035,0.8883,0.93765,-2.5872720931273703,-2.7612823144411935,-3.4434103267923684
0.04,0.8883,0.93765,-1.927765447570156,-2.1121554433976857,-2.8527828425461386
0.045000000000000005,0.8883,0.93765,-1.3548534435675437,-1.56197611091848,-2.3820148865049213
0.05,0.8883,0.93765,-0.8868657061870074,-1.1258810484337662,-2.0375754605564103
0.055,0.8883,0.93765,-0.2673963430340691,-0.5501397428586368,-1.5927573223740623
0.060000000000000005,0.8883,0.93765,0.2037841905919841,-0.12105431886658703,-1.289289452672527
0.065,0.8883,0.93765,0.5926966877320401,0.2315437860844776,-1.0531579993064437
0.06999999999999999,0.8883,0.93765,1.123633421261389,0.7242303009913212,-0.7084047541042328
0.075,0.8883,0.93765,1.4031242045786423,0.98327006899882,-0.5446973148481608
0.08,0.8883,0.93765,1.843827522755672,1.3983235055684176,-0.2606107427442587
0.08499999999999999,0.8883,0.93765,2.302883972560492,1.8299377987710137,0.035867735114724714
0.09,0.8883,0.93765,2.6170242185679995,2.118998517495981,0.22584704379586407
0.01,0.83895,0.93765,-16.127178827019822,-16.369579161459882,-16.987898551061033
0.015,0.83895,0.93765,-10.27583848874776,-10.479263488743268,-11.182077355496395
0.02,0.83895,0.93765,-7.565568494607396,-7.735358827668914,-8.38633170689202
0.025,0.83895,0.93765,-5.997547432898048,-6.16583958898137,-6.814270647836961
0.03,0.83895,0.93765,-4.8989338570050345,-5.067627694902026,-5.716857007251206
0.035,0.83895,0.93765,-4.039198809632877,-4.20995522762767,-4.86996393061134
0.04,0.83895,0.93765,-3.299624769890583,-3.475816643457271,-4.162220658417758
0.045000000000000005,0.83895,0.93765,-2.701085341757687,-2.889739254823709,-3.617849796198161
0.05,0.83895,0.93765,-2.267646772149844,-2.473812434027256,-3.2516021078068604
0.055,0.83895,0.93765,-1.617166474667834,-1.8524305502836238,-2.7171776495386015
0.060000000000000005,0.83895,0.93765,-1.1661543328928148,-1.4307755851534067,-2.380836041909296
0.065,0.83895,0.93765,-0.7688863042395819,-1.0630510765248933,-2.10127065035406
0.06999999999999999,0.83895,0.93765,-0.23385955075390372,-0.5644287897355121,-1.7229844927612856
0.075,0.83895,0.93765,-0.024125580915363192,-0.37321754406525376,-1.5966741530175872
0.08,0.83895,0.93765,0.46198187166844384,0.08147228215913549,-1.2648586583048007
0.08499999999999999,0.83895,0.93765,0.9828747844362703,0.5692158233552671,-0.9131868860623914
0.09,0.83895,0.93765,1.2312809378805623,0.7964518322196136,-0.7618465022341431
0.01,0.7896,0.93765,-20.674025463252438,-20.916425797692494,-21.534745187293648
0.015,0.7896,0.93765,-13.307073209637357,-13.510498748422062,-14.213314582197839
0.02,0.7896,0.93765,-9.810032397974094,-9.980092355988887,-10.631706274142061
0.025,0.7896,0.93765,-7.8286645397792975,-7.997856680118058,-8.648706189613808
0.03,0.7896,0.93765,-6.458052061198374,-6.627251853784204,-7.278012274872618
0.035,0.7896,0.93765,-5.4078981113426625,-5.577629357020064,-6.231191799065487
0.04,0.7896,0.93765,-4.5556247141001185,-4.727497050272306,-5.390885260479449
0.045000000000000005,0.7896,0.93765,-3.9097593985947987,-4.0874441572859554,-4.769715915113754
0.05,0.7896,0.93765,-3.484894055780442,-3.671174085123919,-4.377425799259941
0.055,0.7896,0.93765,-2.8025404808789633,-3.0062073102949447,-3.7633251242169834
0.060000000000000005,0.7896,0.93765,-2.364102347151634,-2.5861511573876537,-3.3953889149998355
0.065,0.7896,0.93765,-1.9639550030794528,-2.2069296330526296,-3.075834783801176
0.06999999999999999,0.7896,0.93765,-1.438600917129906,-1.7106582492427458,-2.6668182989851243
0.075,0.7896,0.93765,-1.2851134642787934,-1.5707255781772869,-2.5667071742934335
0.08,0.7896,0.93765,-0.7806317723547935,-1.0971975901406719,-2.194782687965371
0.08499999999999999,0.7896,0.93765,-0.22713456277980065,-0.578721138988509,-1.7982246298108975
0.09,0.7896,0.93765,-0.03549024414146788,-0.40403988336904295,-1.6773259080684033
0.01,0.6909000000000001,0.93765,-30.688879910091625,-30.93128024453168,-31.549599634132832
0.015,0.6909000000000001,0.93765,-19.983643024687566,-20.187068590756354,-20.88988452414188
0.02,0.6909000000000001,0.93765,-14.750853556806138,-14.920945374616899,-15.572635173438801
0.025,0.6909000000000001,0.93765,-11.836981778967795,-12.006349449640345,-12.657677473433852
0.03,0.6909000000000001,0.93765,-9.808569702544094,-9.977934998629939,-10.629250236975388
0.035,0.6909000000000001,0.93765,-8.249920573779725,-8.419312944937344,-9.070777858495358
0.04,0.6909000000000001,0.93765,-7.046369269197222,-7.2159751816352555,-7.8684033938486655
0.045000000000000005,0.6909000000000001,0.93765,-6.201598381442841,-6.372032077574838,-7.02713994528111
0.05,0.6909000000000001,0.93765,-5.710769637330602,-5.882653011307782,-6.541779668995161
0.055,0.6909000000000001,0.93765,-4.887560471918593,-5.063766778703021,-5.735159419367056
0.060000000000000005,0.6909000000000001,0.93765,-4.41956823830921,-4.601064027844649,-5.28700479726516
0.065,0.6909000000000001,0.93765,-3.9865228556286567,-4.1754621087283805,-4.881716289968059
0.06999999999999999,0.6909000000000001,0.93765,-3.462370492212164,-3.6637336716457796,-4.40408194736194
0.075,0.6909000000000001,0.93765,-3.3746794831377023,-3.5806974929521433,-4.33273304068758
0.08,0.6909000000000001,0.93765,-2.8596676531795824,-3.0836819185072764,-3.8854991003630235
0.08499999999999999,0.6909000000000001,0.93765,-2.290322719080522,-2.5392180263552255,-3.411760069299253
0.09,0.6909000000000001,0.93765,-2.178631869055065,-2.4357162095089135,-3.329689107869042
0.01,0.4935,0.93765,-55.924297656682604,-56.16669799112266,-56.78501738072381
0.015,0.4935,0.93765,-36.80725485598015,-37.010680422083354,-37.71349635559456
0.02,0.4935,0.93765,-27.200327461468753,-27.370419508771082,-28.02210985427688
0.025,0.4935,0.93765,-21.93119299576697,-22.100563935192522,-22.75190089115934
0.03,0.4935,0.93765,-18.22082936279647,-18.39020100646451,-19.041537957963552
0.035,0.4935,0.93765,-15.318337879698229,-15.487709542406666,-16.139046607557866
0.04,0.4935,0.93765,-13.112011078315113,-13.281383273948236,-13.93272278567199
0.045000000000000005,0.4935,0.93765,-11.607871114257996,-11.777247689996283,-12.42860202832679
0.05,0.4935,0.93765,-10.796812040132718,-10.966200104437071,-11.61758754185445
0.055,0.4935,0.93765,-9.349216440309512,-9.51867697440034,-10.170271139079446
0.060000000000000005,0.4935,0.93765,-8.594235860648048,-8.763830548040682,-9.415793638357984
0.065,0.4935,0.93765,-7.889103478884293,-8.05898518032063,-8.711725222767758
0.06999999999999999,0.4935,0.93765,-7.132025200377999,-7.302588875795179,-7.95715035900407
0.075,0.4935,0.93765,-7.0734972311337625,-7.244238799426577,-7.899224582588632
0.08,0.4935,0.93765,-6.3601742385346265,-6.532487885444474,-7.191563368031162
0.08499999999999999,0.4935,0.93765,-5.635375813554696,-5.81096103424385,-6.478485123034897
0.09,0.4935,0.93765,-5.576464541060214,-5.752719689869368,-6.421812513164558
0.01,0.987,0.93765,-3.9382591146867036,-4.180659449126761,-4.798978838727913
0.015,0.987,0.93765,-2.1372212378935167,-2.3388049846644057,-3.034997573276349
0.02,0.987,0.93765,-1.090523204763215,-1.1958327998799918,-1.734483260655581
0.025,0.987,0.93765,-0.10736937030756244,-0.2424984875227401,-0.8440977793805072
0.03,0.987,0.93765,0.5128830428382735,0.3398065839575668,-0.3561567655139696
0.035,0.987,0.93765,0.8958552028788032,0.7158433137892998,-0.10883469069577166
0.04,0.987,0.93765,1.3488977786208542,1.1533803811881804,0.14325887603888002
0.045000000000000005,0.987,0.93765,1.8840558986543965,1.627706011933422,0.41495415216396164
0.05,0.987,0.93765,2.479409616187025,2.140644167519246,0.7173245311813871
0.055,0.987,0.93765,2.970217782877242,2.5512670042462204,0.9280882627350603
0.060000000000000005,0.987,0.93765,3.462032600378081,2.9813602865630995,1.1591601102575635
0.065,0.987,0.93765,3.775324521715862,3.26287802847299,1.2947240430317126
0.06999999999999999,0.987,0.93765,4.213982310141752,3.682993813282073,1.5546258937807234
0.075,0.987,0.93765,4.650125869393061,4.111337601209867,1.8298830482581503
0.08,0.987,0.93765,4.916548300334114,4.371128710271804,1.981854424878642
0.08499999999999999,0.987,0.93765,5.1768209439994894,4.61253630016776,2.1246904988718405
0.09,0.987,0.93765,5.643569759872878,5.0423578479932,2.4122332078902167
0.01,0.93765,0.8883,-11.070628961599537,-11.313101730347976,-11.936727703808241
0.015,0.93765,0.8883,-6.931208515379042,-7.1346180390584495,-7.837375412045576
0.02,0.93765,0.8883,-5.11063552437751,-5.277353179838448,-5.92116014373136
0.025,0.93765,0.8883,-3.865920566792885,-4.02819263299537,-4.661926814443589
0.03,0.93765,0.8883,-2.9867729926251907,-3.1543935801183074,-3.803209843106233
0.035,0.93765,0.8883,-2.3713309618665237,-2.5460539706416645,-3.233509730571243
0.04,0.93765,0.8883,-1.768904721919801,-1.9543531869833666,-2.7035132726507483
0.045000000000000005,0.93765,0.8883,-1.1785604653960011,-1.3883985352187707,-2.2238052460823807
0.05,0.93765,0.8883,-0.593395638537697,-0.8403780203100112,-1.7874908882746376
0.055,0.93765,0.8883,-0.04852728939556733,-0.3397561973117257,-1.4160155801686927
0.060000000000000005,0.93765,0.8883,0.44442047863631795,0.10828468771371136,-1.1032586779291078
0.065,0.93765,0.8883,0.7216562769889274,0.3540014205557366,-0.9562546346525762
0.06999999999999999,0.93765,0.8883,1.263906603278731,0.8575735677222184,-0.6052676269903793
0.075,0.93765,0.8883,1.7004536657818206,1.266922026021634,-0.3283262507936175
0.08,0.93765,0.8883,2.0011488288980255,1.5489592158022607,-0.1469344997749516
0.08499999999999999,0.93765,0.8883,2.3028839725604917,1.8299377987710137,0.0358677351147245
0.09,0.93765,0.8883,2.7931560126756723,2.2878989024182914,0.3514632504701348
0.01,0.8883,0.8883,-15.12567055687022,-15.368143325618659,-15.991769299078925
0.015,0.8883,0.8883,-9.63467044114732,-9.838094932398251,-10.540906941832354
0.02,0.8883,0.8883,-7.125958533767973,-7.295583298530075,-7.946163532847691
0.025,0.8883,0.8883,-5.572855722949246,-5.740610606664475,-6.387625688233179
0.03,0.8883,0.8883,-4.52906647789914,-4.697547242931738,-5.346232939648855
0.035,0.8883,0.8883,-3.7806669570228815,-3.951799619093735,-4.614223268554837
0.04,0.8883,0.8883,-3.096189194639633,-3.2734016977952227,-3.965700966741872
0.045000000000000005,0.8883,0.8883,-2.485865451248026,-2.67710163296777,-3.4168805735241086
0.05,0.8883,0.8883,-1.9559466372385113,-2.1687051498548975,-2.9718021429073542
0.055,0.8883,0.8883,-1.3678936898530378,-1.6111544428481548,-2.5045515404728
0.060000000000000005,0.8883,0.8883,-0.8975346186888107,-1.173219669265529,-2.1617213576377576
0.065,0.8883,0.8883,-0.5929322351573995,-0.895423604587461,-1.9626824429721808
0.06999999999999999,0.8883,0.8883,-0.04631485863478172,-0.3864264892133938,-1.580431624137519
0.075,0.8883,0.8883,0.3008661176035165,-0.06483955611491404,-1.3541808909345228
0.08,0.8883,0.8883,0.6679930369666912,0.27718810610681455,-1.1139131167844876
0.08499999999999999,0.8883,0.8883,1.0497775595380199,0.6328635507487086,-0.8648732128041371
0.09,0.8883,0.8883,1.4567328697116448,1.01087229473972,-0.600815134669796
0.01,0.83895,0.8883,-19.412551594866365,-19.655024363614807,-20.27865033707507
0.015,0.83895,0.8883,-12.492597959356436,-12.69602346377478,-13.398839172084614
0.02,0.83895,0.8883,-9.24288259311058,-9.412918077465557,-10.064473725725554
0.025,0.83895,0.8883,-7.30588865081453,-7.474959367805161,-8.125479171409463
0.03,0.83895,0.8883,-6.016965604670225,-6.186077794000203,-6.836553983184265
0.035,0.83895,0.8883,-5.0943317155835075,-5.264195891178644,-5.918584748209968
0.04,0.83895,0.8883,-4.306592721743789,-4.47906617060532,-5.145484906819715
0.045000000000000005,0.83895,0.8883,-3.658667242670574,-3.8381221811704713,-4.5273989334058085
0.05,0.83895,0.8883,-3.156411274431414,-3.347092490125384,-4.0685494087188285
0.055,0.83895,0.8883,-2.531019460733831,-2.7408986988922135,-3.518453082732066
0.060000000000000005,0.83895,0.8883,-2.0777469729177054,-2.308818553668441,-3.1469523787813807
0.065,0.83895,0.8883,-1.7549183811986657,-2.006011825771331,-2.9007492378871373
0.06999999999999999,0.83895,0.8883,-1.218275595815883,-1.500468295700418,-2.489983402177922
0.075,0.83895,0.8883,-0.9483959306875374,-1.2504723483879114,-2.3021726432012906
0.08,0.83895,0.8883,-0.5410211879663186,-0.8699404593165764,-2.012147254457335
0.08499999999999999,0.83895,0.8883,-0.10542646325379298,-0.4634429331265016,-1.707895011523842
0.09,0.83895,0.8883,0.22524302414979835,-0.15740745972642917,-1.4867558081953345
0.01,0.7896,0.8883,-23.95939823109898,-24.20187099984742,-24.825496973307686
0.015,0.7896,0.8883,-15.52382944571956,-15.727255008846091,-16.430070931489915
0.02,0.7896,0.8883,-11.486246953212941,-11.65633299519149,-12.308009035583318
0.025,0.7896,0.8883,-9.128035705769673,-9.297357651005495,-9.948560807086643
0.03,0.7896,0.8883,-7.547757806645252,-7.717069555638628,-8.368202866514125
0.035,0.7896,0.8883,-6.405984131359729,-6.575487523547961,-7.227638390877393
0.04,0.7896,0.8883,-5.475174985636326,-5.645624357398655,-6.302046090365466
0.045000000000000005,0.7896,0.8883,-4.75724716740609,-4.930704488622714,-5.596840426301783
0.05,0.7896,0.8883,-4.2512766610294515,-4.429945232064339,-5.110770805940266
0.055,0.7896,0.8883,-3.5761993246180586,-3.7657091201902655,-4.477656600006409
0.060000000000000005,0.7896,0.8883,-3.125996437740008,-3.328085327609313,-4.0752582147098675
0.065,0.7896,0.8883,-2.7849807391141868,-3.0004475297496263,-3.7845579241421197
0.06999999999999999,0.7896,0.8883,-2.258696740834766,-2.4966423335474253,-3.3451823713309627
0.075,0.7896,0.8883,-2.048462032188036,-2.2996357339996094,-3.1853210643155148
0.08,0.7896,0.8883,-1.6190747199261561,-1.89407050547261,-2.851235019578839
0.08499999999999999,0.7896,0.8883,-1.151889900090064,-1.4548760353832806,-2.49935151348748
0.09,0.7896,0.8883,-0.8869860322475296,-1.209146722095174,-2.3122369593389163
0.01,0.6909000000000001,0.8883,-33.97425267793817,-34.2167254466866,-34.840351420146874
0.015,0.6909000000000001,0.8883,-22.200399096975527,-22.40382466307499,-23.1066405965725
0.02,0.6909000000000001,0.8883,-16.42693835075519,-16.597030355119102,-17.248720598338938
0.025,0.6909000000000001,0.8883,-13.134627156364425,-13.30399720287054,-13.955331718774463
0.03,0.6909000000000001,0.8883,-10.8902140274836,-11.059583517265432,-11.710913097526673
0.035,0.6909000000000001,0.8883,-9.224686513029424,-9.394065971510605,-10.04545116246543
0.04,0.6909000000000001,0.8883,-7.9167380619938275,-8.086208522728237,-8.738004824831094
0.045000000000000005,0.6909000000000001,0.8883,-6.970586877543718,-7.140459672049362,-7.793569289068404
0.05,0.6909000000000001,0.8883,-6.378111688237163,-6.5488066784824115,-7.204230950588868
0.055,0.6909000000000001,0.8883,-5.521234789093853,-5.694430594169485,-6.356920502089897
0.060000000000000005,0.6909000000000001,0.8883,-5.016785066039561,-5.193339863460399,-5.865041395441281
0.065,0.6909000000000001,0.8883,-4.610180065536931,-4.79120094127028,-5.47496698832082
0.06999999999999999,0.6909000000000001,0.8883,-4.064306021435489,-4.253902252313573,-4.960915883680051
0.075,0.6909000000000001,0.8883,-3.9220133527030208,-4.11580600026226,-4.833523912516982
0.08,0.6909000000000001,0.8883,-3.454601330545125,-3.66075266893657,-4.411742924654585
0.08499999999999999,0.6909000000000001,0.8883,-2.9489483682675655,-3.172564485134747,-3.9712501371952604
0.09,0.6909000000000001,0.8883,-2.77536841625711,-3.007656433275254,-3.829126391153924
0.01,0.4935,0.8883,-59.20967042452914,-59.452143193277585,-60.07576916673785
0.015,0.4935,0.8883,-39.02401092806145,-39.227436494164664,-39.93025242767587
0.02,0.4935,0.8883,-28.876411320850966,-29.046503368154028,-29.698193713661563
0.025,0.4935,0.8883,-23.228806307578637,-23.398177247102367,-24.04951420333748
0.03,0.4935,0.8883,-19.302173854873736,-19.471545499475578,-20.122882454171144
0.035,0.4935,0.8883,-16.291549193746285,-16.46092084548815,-17.112257842941833
0.04,0.4935,0.8883,-13.97709911359197,-14.146470990467312,-14.797809022671345
0.045000000000000005,0.4935,0.8883,-12.364868526777455,-12.534242484888772,-13.185587595180744
0.05,0.4935,0.8883,-11.44574129606258,-11.615121523418695,-12.26648486532286
0.055,0.4935,0.8883,-9.944475792557979,-10.113896487596223,-10.76537536226048
0.060000000000000005,0.4935,0.8883,-9.135991413847808,-9.30549299304014,-9.957194656611593
0.065,0.4935,0.8883,-8.43206006583318,-8.601728932062281,-9.253883306620072
0.06999999999999999,0.4935,0.8883,-7.623259232241603,-7.79336448503125,-8.446685047354737
0.075,0.4935,0.8883,-7.510660917306096,-7.680922434262613,-8.334628582229078
0.08,0.4935,0.8883,-6.8022547894079395,-6.973539561508688,-7.629904269862434
0.08499999999999999,0.4935,0.8883,-6.087364924786831,-6.26078551535953,-6.9226513548207915
0.09,0.4935,0.8883,-5.973806478632199,-6.147911269866828,-6.811436233480762
0.01,0.987,0.8883,-7.223631882533247,-7.466104651281686,-8.089730624741952
0.015,0.987,0.8883,-4.365249427496465,-4.568467322420079,-5.270526382398275
0.02,0.987,0.8883,-3.121743032879553,-3.272237702465273,-3.8819768601977676
0.025,0.987,0.8883,-2.0214003807620866,-2.169975261759379,-2.779839700829023
0.03,0.987,0.8883,-1.2442689072816677,-1.4134227227510427,-2.078874818305669
0.035,0.987,0.8883,-0.781580454091803,-0.9616863961505695,-1.7043384765122362
0.04,0.987,0.8883,-0.27827605677071965,-0.47212402798815456,-1.3236162925134072
0.045000000000000005,0.987,0.8883,0.29597393242715636,0.06290919016565458,-0.9296597821610953
0.05,0.987,0.8883,0.9582221198643711,0.6661435912604803,-0.5019212885876518
0.055,0.987,0.8883,1.4392026681308654,1.0869193357121223,-0.2442493696388634
0.060000000000000005,0.987,0.8883,1.9501514447977095,1.5416125019393967,0.0364302791984631
0.065,0.987,0.8883,2.1831558922677066,1.743007928665229,0.12627648573081815
0.06999999999999999,0.987,0.8883,2.695923057207861,2.223384533360906,0.4411256307534715
0.075,0.987,0.8883,3.226017847338525,2.730777671378345,0.7812640748794734
0.08,0.987,0.8883,3.4349322040422354,2.9296637988303567,0.8920829715524887
0.08499999999999999,0.987,0.8883,3.63371478626014,3.112391439055137,0.9952891832263786
0.09,0.987,0.8883,4.211972496725204,3.6545388428196506,1.3694816222577602
0.01,0.93765,0.83895,-14.548431869191731,-14.790907971985119,-15.418115199693862
0.015,0.93765,0.83895,-9.274801208417177,-9.478225234124015,-10.181035543968637
0.02,0.93765,0.83895,-6.896780778984521,-7.066286102167909,-7.716583550389152
0.025,0.93765,0.83895,-5.3163997658237205,-5.483717261527847,-6.129594871013588
0.03,0.93765,0.83895,-4.30340364849027,-4.47173943346777,-5.120104843970308
0.035,0.93765,0.83895,-3.6572000422265996,-3.828541091638965,-4.492315423480529
0.04,0.93765,0.83895,-3.0220910378753967,-3.1996967885500114,-3.8943199993942144
0.045000000000000005,0.93765,0.83895,-2.3954397947181842,-2.58781137199028,-3.3328331899190458
0.05,0.93765,0.83895,-1.7619795665505602,-1.9791113817823762,-2.7994294907479933
0.055,0.93765,0.83895,-1.2397454950992353,-1.4872726031065133,-2.396179418655356
0.060000000000000005,0.93765,0.83895,-0.7502104346856705,-1.0321479557831257,-2.0427060503218706
0.065,0.93765,0.83895,-0.5459041819169056,-0.8506452055057938,-1.9258247907892323
0.06999999999999999,0.93765,0.83895,0.01259609938183452,-0.3305209475672856,-1.5358471045245823
0.075,0.93765,0.83895,0.5025910412860756,0.12666691588706205,-1.2047478316429898
0.08,0.93765,0.83895,0.7430796629621431,0.3485650470127083,-1.059049472998839
0.08499999999999999,0.93765,0.83895,0.9828747844362703,0.5692158233552671,-0.9131868860623914
0.09,0.93765,0.83895,1.551134535533432,1.1007380421818689,-0.5334712009644549
0.01,0.8883,0.83895,-18.603473464462414,-18.8459495672558,-19.473156794964545
0.015,0.8883,0.83895,-11.978171955234691,-12.181597418159091,-12.884412974981448
0.02,0.8883,0.83895,-8.899816185099384,-9.069828544317188,-9.721329148709575
0.025,0.8883,0.83895,-6.96127910772904,-7.130228219128965,-7.780418891851417
0.03,0.8883,0.83895,-5.724825777552284,-5.893859254531737,-6.544086162830209
0.035,0.8883,0.83895,-4.913134477218647,-5.083096379598647,-5.738094357104107
0.04,0.8883,0.83895,-4.178868039617822,-4.351694454904725,-5.019917432854443
0.045000000000000005,0.8883,0.83895,-3.521032637630431,-3.701569721237849,-4.395201575674657
0.05,0.8883,0.83895,-2.9321324290371233,-3.1262326927972506,-3.8597505280926505
0.055,0.8883,0.83895,-2.3650636651878596,-2.579052896474695,-3.370326899816921
0.060000000000000005,0.8883,0.83895,-1.8957506339775476,-2.132960346253757,-2.99104601940829
0.065,0.8883,0.83895,-1.6577944171168504,-1.912797434147726,-2.820108044363304
0.06999999999999999,0.8883,0.83895,-1.1101455714990973,-1.3974307847301555,-2.4039591203677446
0.075,0.8883,0.83895,-0.7163961328751582,-1.0301058198795465,-2.1224724497610405
0.08,0.8883,0.83895,-0.41645659531148166,-0.7518276780705943,-1.9179315348052994
0.08499999999999999,0.8883,0.83895,-0.10542646325379298,-0.4634429331265016,-1.707895011523842
0.09,0.8883,0.83895,0.3691357950099013,-0.021221385206527988,-1.3821715131307182
0.01,0.83895,0.83895,-22.89035450245856,-23.13283060525195,-23.76003783296069
0.015,0.83895,0.83895,-14.836093302497048,-15.039518862679026,-15.742334774572763
0.02,0.83895,0.83895,-11.015028666637013,-11.18511109419419,-11.83677852525758
0.025,0.83895,0.83895,-8.680726335553745,-8.850020721339243,-9.501148690952526
0.03,0.83895,0.83895,-7.173366298002775,-7.342651566871926,-7.9936957483975535
0.035,0.83895,0.83895,-6.15748462139524,-6.32702542245288,-6.9794076632772954
0.04,0.83895,0.83895,-5.290602888158935,-5.461256503740425,-6.118660432868587
0.045000000000000005,0.83895,0.83895,-4.572095134220061,-4.7462708544759025,-5.415090049803104
0.05,0.83895,0.83895,-3.9943800047403677,-4.175210166127188,-4.8631424638251834
0.055,0.83895,0.83895,-3.3768597648723624,-3.5695200197006303,-4.29134628389618
0.060000000000000005,0.83895,0.83895,-2.9154179868623187,-3.122419836859948,-3.884628300737055
0.065,0.83895,0.83895,-2.6481809056614654,-2.867713438130538,-3.664095088566888
0.06999999999999999,0.83895,0.83895,-2.1125328988360264,-2.3560768147258937,-3.2218118510718705
0.075,0.83895,0.83895,-1.796805117835227,-2.0587904077109203,-2.978251574098479
0.08,0.83895,0.83895,-1.4572614098557237,-1.73997783689702,-2.7221852093742314
0.08499999999999999,0.83895,0.83895,-1.0966082348971085,-1.4024415366843888,-2.4565759535636142
0.09,0.83895,0.83895,-0.7057611017147876,-1.0377424440645102,-2.1751998183597907
0.01,0.7896,0.83895,-27.437201138691176,-27.679677241484562,-28.306884469193307
0.015,0.7896,0.83895,-17.867324431287447,-18.070749997104922,-18.77356592957295
0.02,0.7896,0.83895,-13.258182752938604,-13.428273779249064,-14.079961692607863
0.025,0.7896,0.83895,-10.500331464138533,-10.669689965638646,-11.320992937951114
0.03,0.7896,0.83895,-8.69386991100502,-8.863222276541496,-9.51449337889881
0.035,0.7896,0.83895,-7.444754796451662,-7.614172875518106,-8.26579654279488
0.04,0.7896,0.83895,-6.4145551088681225,-6.58436272488133,-7.2377367618607975
0.045000000000000005,0.7896,0.83895,-5.604721640313366,-5.775972605004472,-6.434018809832966
0.05,0.7896,0.83895,-5.006519163536786,-5.18071529579256,-5.847132331050648
0.055,0.7896,0.83895,-4.319205830271611,-4.499760227997087,-5.184194820381113
0.060000000000000005,0.7896,0.83895,-3.8478883646446196,-4.036573388368024,-4.743553322052184
0.065,0.7896,0.83895,-3.548986649925773,-3.745721337229213,-4.474455501342864
0.06999999999999999,0.7896,0.83895,-3.0161673938473745,-3.229033885534301,-4.002646731860399
0.075,0.7896,0.83895,-2.757757289136608,-2.98210192394412,-3.78701717804853
0.08,0.7896,0.83895,-2.389280296825877,-2.6306394598626506,-3.4834963690064495
0.08499999999999999,0.7896,0.83895,-1.9937091017039699,-2.255634506869041,-3.167742287462944
0.09,0.7896,0.83895,-1.6724603810686622,-1.953613196373299,-2.921480715568785
0.01,0.6909000000000001,0.83895,-37.45205558553036,-37.69453168832375,-38.321738916032494
0.015,0.6909000000000001,0.83895,-24.543894064436266,-24.74731963053912,-25.45013556404901
0.02,0.6909000000000001,0.83895,-18.198849358334652,-18.36894139833786,-19.020631726456013
0.025,0.6909000000000001,0.83895,-14.506438084325096,-14.675808797359363,-15.327145134665814
0.03,0.6909000000000001,0.83895,-12.033487167960724,-12.202858125681677,-12.854192729282575
0.035,0.6909000000000001,0.83895,-10.254146051938488,-10.423520487087735,-11.074874666972422
0.04,0.6909000000000001,0.83895,-8.833589775426061,-9.003001048176007,-9.654522046894286
0.045000000000000005,0.6909000000000001,0.83895,-7.77672413096515,-7.946321557075972,-8.598455653926186
0.05,0.6909000000000001,0.83895,-7.074226103021899,-7.244267176229332,-7.897667029807616
0.055,0.6909000000000001,0.83895,-6.172930069856878,-6.34435807220322,-7.0016702067195125
0.060000000000000005,0.6909000000000001,0.83895,-5.623881198334313,-5.797353179594947,-6.460264877947026
0.065,0.6909000000000001,0.83895,-5.234410055813575,-5.410452909795325,-6.080263987666868
0.06999999999999999,0.6909000000000001,0.83895,-4.65687483536268,-4.838571392411191,-5.52359420852398
0.075,0.6909000000000001,0.83895,-4.4611533536105386,-4.6462815150770895,-5.34012178333413
0.08,0.6909000000000001,0.83895,-4.029122214823455,-4.222396644297063,-4.937762131872529
0.08499999999999999,0.6909000000000001,0.83895,-3.5717139838957443,-3.7766777110311995,-4.523097810809355
0.09,0.6909000000000001,0.83895,-3.3430925387167076,-3.5561245854555454,-4.323558476451752
0.01,0.4935,0.83895,-62.687473332121336,-62.929949434914725,-63.55715666262347
0.015,0.4935,0.83895,-41.36750589549934,-41.570931461602555,-42.27374739511376
0.02,0.4935,0.83895,-30.648322149890074,-30.818414197193274,-31.470104542701144
0.025,0.4935,0.83895,-24.600608240109114,-24.769979179660385,-25.421316135970763
0.03,0.4935,0.83895,-20.445342154979365,-20.614713799907637,-21.266050755720627
0.035,0.4935,0.83895,-17.320401162412782,-17.48977280987452,-18.14110978090665
0.04,0.4935,0.83895,-14.891639180308005,-15.061010918269911,-15.712348305709387
0.045000000000000005,0.4935,0.83895,-13.16511372758526,-13.334486411765264,-13.985827031128778
0.05,0.4935,0.83895,-12.131708902937495,-12.301084870487779,-12.952435115734914
0.055,0.4935,0.83895,-10.573517095632981,-10.742914900048413,-11.394327540580552
0.060000000000000005,0.4935,0.83895,-9.708233673690474,-9.877678698583306,-10.529221605037264
0.065,0.4935,0.83895,-9.00503282787621,-9.17457235707173,-9.826370962984853
0.06999999999999999,0.4935,0.83895,-8.14066252688632,-8.310473084229724,-8.96299648880662
0.075,0.4935,0.83895,-7.971072786649717,-8.141008154287139,-8.793845530653627
0.08,0.4935,0.83895,-7.266023181653035,-7.436607665734411,-8.091130073817085
0.08499999999999999,0.4935,0.83895,-6.557937344770289,-6.729879514817291,-7.387892603148273
0.09,0.4935,0.83895,-6.387551034649601,-6.560104111740621,-7.219623184077853
0.01,0.987,0.83895,-10.701434790125441,-10.94391089291883,-11.571118120627572
0.015,0.987,0.83895,-6.710012008805663,-6.913417563053582,-7.616160448609823
0.02,0.987,0.83895,-4.982416503848859,-5.148694933368277,-5.7914979921359
0.025,0.987,0.83895,-3.6808576115396443,-3.8420821458397074,-4.473518660323231
0.03,0.987,0.83895,-2.8138556926442924,-2.9814611157798607,-3.6309486378899454
0.035,0.987,0.83895,-2.305918719468945,-2.4808661266845227,-3.1700473441126493
0.04,0.987,0.83895,-1.7559211370237156,-1.9414559353388248,-2.691334050722885
0.045000000000000005,0.987,0.83895,-1.144731427513144,-1.3550948237602511,-2.1935370436547075
0.05,0.987,0.83895,-0.4379193234003176,-0.6892200067639189,-1.6560062006327623
0.055,0.987,0.83895,0.029978631764286633,-0.26433341658730297,-1.3529425595474844
0.060000000000000005,0.987,0.83895,0.5442069485679311,0.20334892963382237,-1.0265096709354296
0.065,0.987,0.83895,0.703992672073259,0.3372284893112297,-0.9695091507829577
0.06999999999999999,0.987,0.83895,1.260005990965843,0.853864820982486,-0.6081328348306929
0.075,0.987,0.83895,1.8568805795558752,1.4163505565126824,-0.21463722949851086
0.08,0.987,0.83895,2.0139705136074224,1.5612432778749172,-0.13767051337843952
0.08499999999999999,0.987,0.83895,2.1594016669617875,1.6923633807865175,-0.06714296232048819
0.09,0.987,0.83895,2.8267944371124694,2.32017643545519,0.37546705993633067
0.01,0.93765,0.7896,-18.240412935901624,-18.482848693385247,-19.112505865333294
0.015,0.93765,0.7896,-11.760420217077998,-11.963845654901315,-12.66666112008384
0.02,0.93765,0.7896,-8.778640865190402,-8.94864297075101,-9.60011917351529
0.025,0.93765,0.7896,-6.793216360920821,-6.9620896852238285,-7.612075777846977
0.03,0.93765,0.7896,-5.581848241440596,-5.75083602885202,-6.4009210605408855
0.035,0.93765,0.7896,-4.866200844207841,-5.036190994895926,-5.691365301925907
0.04,0.93765,0.7896,-4.1752552212744245,-4.348092084804277,-5.0163687526205045
0.045000000000000005,0.93765,0.7896,-3.5011922906819914,-3.68189201929424,-4.376183243841182
0.05,0.93765,0.7896,-2.820331355833912,-3.0162614261358045,-3.7563225269052967
0.055,0.93765,0.7896,-2.311908349353404,-2.52726314503248,-3.3231302039129904
0.060000000000000005,0.93765,0.7896,-1.8266037825868815,-2.0662241679193993,-2.9322104422139974
0.065,0.93765,0.7896,-1.677472767568418,-1.931676882979319,-2.836411102033311
0.06999999999999999,0.93765,0.7896,-1.1195836915186488,-1.4064215481415896,-2.4114484008222057
0.075,0.93765,0.7896,-0.6002929601381524,-0.9198872931488451,-2.0332591018417747
0.08,0.93765,0.7896,-0.41291816003459475,-0.7484726590262009,-1.915262054024009
0.08499999999999999,0.93765,0.7896,-0.22713456277980051,-0.5787211389885087,-1.7982246298108975
0.09,0.93765,0.7896,0.3899218797250648,-0.001543254977902455,-1.3670948249466646
0.01,0.8883,0.7896,-22.295454531172307,-22.53789028865593,-23.167547460603977
0.015,0.8883,0.7896,-14.463782086977984,-14.667207644488984,-15.37002354663142
0.02,0.8883,0.7896,-10.779517833995138,-10.949597707383639,-11.601259054794184
0.025,0.8883,0.7896,-8.420658287965207,-8.589930019177249,-9.240996224859767
0.03,0.8883,0.7896,-6.9553905513186995,-7.124655471347371,-7.77563154692091
0.035,0.8883,0.7896,-6.0461584219526046,-6.215719273270392,-6.86822558068935
0.04,0.8883,0.7896,-5.228820383790802,-5.399550092989289,-6.057321464483332
0.045000000000000005,0.8883,0.7896,-4.499683049807404,-4.674168176105195,-5.344150442077401
0.05,0.8883,0.7896,-3.841900665140992,-4.024193518022699,-4.716986511621916
0.055,0.8883,0.7896,-3.27965958025261,-3.473979428262531,-4.201050196526476
0.060000000000000005,0.8883,0.7896,-2.805152748928522,-3.01491228465209,-3.7856300217027288
0.065,0.8883,0.7896,-2.6154304069973584,-2.8359680480640184,-3.6353972123027627
0.06999999999999999,0.8883,0.7896,-2.0705262416126926,-2.3157209977397013,-3.1865604059751536
0.075,0.8883,0.7896,-1.6452791173297598,-1.9140505710511069,-2.855098452105137
0.08,0.8883,0.7896,-1.4023369830555639,-1.6877144095363228,-2.678656241785429
0.08499999999999999,0.8883,0.7896,-1.151889900090064,-1.4548760353832808,-2.49935151348748
0.09,0.8883,0.7896,-0.6340621926886677,-0.9699467721865452,-2.121297362651097
0.01,0.83895,0.7896,-26.582335569168453,-26.824771326652076,-27.454428498600123
0.015,0.83895,0.7896,-17.32170283354251,-17.52512839915263,-18.227944330863647
0.02,0.83895,0.7896,-12.894432778104244,-13.064523356498967,-13.71621020286829
0.025,0.83895,0.7896,-10.136510085458115,-10.305863132533092,-10.957151205477125
0.03,0.83895,0.7896,-8.39025820848631,-8.559603789054188,-9.210851783773075
0.035,0.83895,0.7896,-7.261774421615158,-7.4312018524446035,-8.082883281297212
0.04,0.83895,0.7896,-6.291136014170569,-6.460999436552114,-7.114636180135418
0.045000000000000005,0.83895,0.7896,-5.478393274212999,-5.649881164186748,-6.308785098701702
0.05,0.83895,0.7896,-4.810256635075764,-4.9853792517103495,-5.654747821903609
0.055,0.83895,0.7896,-4.180489913735506,-4.362407421556409,-5.050974089355467
0.060000000000000005,0.83895,0.7896,-3.7004743759274685,-3.891479571099167,-4.605328174175111
0.065,0.83895,0.7896,-3.4719709628774,-3.670291467607427,-4.40363960551266
0.06999999999999999,0.83895,0.7896,-2.9317459968255193,-3.147065183609265,-3.927858527668744
0.075,0.83895,0.7896,-2.5781114905381286,-2.8086964251146957,-3.632029559213279
0.08,0.83895,0.7896,-2.2930967969590546,-2.538327475821545,-3.4028187802345014
0.08499999999999999,0.83895,0.7896,-1.9937091017039699,-2.255634506869041,-3.167742287462944
0.09,0.83895,0.7896,-1.5602737394315518,-1.8470602961418408,-2.832773295750635
0.01,0.7896,0.7896,-31.12918220540107,-31.37161796288469,-32.00127513483274
0.015,0.7896,0.7896,-20.352933927526085,-20.556359493605502,-21.259175427029835
0.02,0.7896,0.7896,-15.13755036313129,-15.30764225454082,-15.959332228686048
0.025,0.7896,0.7896,-11.955451095282177,-12.124819131118738,-12.776148152718568
0.03,0.7896,0.7896,-9.90733267764484,-10.07669856976156,-10.728015845638788
0.035,0.7896,0.7896,-8.539693586423663,-8.709080738722792,-9.360513429848062
0.04,0.7896,0.7896,-7.395078488796375,-7.564616031557528,-8.216724958599313
0.045000000000000005,0.7896,0.7896,-6.476339726844558,-6.64652472926636,-7.3007447579818825
0.05,0.7896,0.7896,-5.772217912592727,-5.943959096651499,-6.6026411884975955
0.055,0.7896,0.7896,-5.054298591667971,-5.229552815744878,-5.898118484931118
0.060000000000000005,0.7896,0.7896,-4.550315784047104,-4.730530275096654,-5.4127609375177235
0.065,0.7896,0.7896,-4.279535136499695,-4.464327262971952,-5.158759623424278
0.06999999999999999,0.7896,0.7896,-3.729826387894319,-3.9254502428403923,-4.649452834887233
0.075,0.7896,0.7896,-3.426512402009919,-3.631212695732301,-4.379513320905372
0.08,0.7896,0.7896,-3.1047621423581444,-3.3208514123915616,-4.099910086539613
0.08499999999999999,0.7896,0.7896,-2.765044712410671,-2.9951688604242324,-3.812522117105257
0.09,0.7896,0.7896,-2.3986778336701398,-2.646118017547851,-3.511479090838413
0.01,0.6909000000000001,0.7896,-41.14403665224025,-41.38647240972388,-42.016129581671926
0.015,0.6909000000000001,0.7896,-27.02950355891232,-27.232929125015502,-27.935745058526596
0.02,0.6909000000000001,0.7896,-20.078212665630936,-20.248304711819543,-20.899995054672285
0.025,0.6909000000000001,0.7896,-15.961431351617096,-16.130802238305694,-16.782139050157706
0.03,0.6909000000000001,0.7896,-13.246014086564525,-13.415385527163924,-14.066721783550898
0.035,0.6909000000000001,0.7896,-11.345614014664639,-11.514986596326688,-12.166329334277487
0.04,0.6909000000000001,0.7896,-9.804547538617188,-9.973934210972633,-10.625340931942636
0.045000000000000005,0.6909000000000001,0.7896,-8.628243693254758,-8.797712091916027,-9.449390346008597
0.05,0.6909000000000001,0.7896,-7.807118474235741,-7.976814285659484,-8.629148976657207
0.055,0.6909000000000001,0.7896,-6.852761374987442,-7.023193572469911,-7.6776057055704126
0.060000000000000005,0.6909000000000001,0.7896,-6.251521933368829,-6.423144731224401,-7.080819735583774
0.065,0.6909000000000001,0.7896,-5.872598113435277,-6.0456398449553825,-6.707107449553781
0.06999999999999999,0.6909000000000001,0.7896,-5.253265535702284,-5.429869470398879,-6.100880805707738
0.075,0.6909000000000001,0.7896,-5.00249989462033,-5.181701823893936,-5.859418070447026
0.08,0.6909000000000001,0.7896,-4.59566497026353,-4.780025875264106,-5.4712031845218005
0.08499999999999999,0.6909000000000001,0.7896,-4.173197502492885,-4.3650404410814545,-5.075729934911279
0.09,0.6909000000000001,0.7896,-3.892134338778456,-4.0908084887398335,-4.81912667287036
0.01,0.4935,0.7896,-66.37945439883123,-66.62189015631486,-67.2515473282629
0.015,0.4935,0.7896,-43.853115389973176,-44.05654095607638,-44.759356889587586
0.02,0.4935,0.7896,-32.527685426199675,-32.6977774735029,-33.349467819010826
0.025,0.4935,0.7896,-26.05559916380039,-26.22497010335884,-26.876307059688823
0.03,0.4935,0.7896,-21.657834598971302,-21.82720624400691,-22.478543200187303
0.035,0.4935,0.7896,-18.411644547051257,-18.58101619293174,-19.232353154202652
0.04,0.4935,0.7896,-15.861635390026825,-16.031007070317674,-16.68234419007863
0.045000000000000005,0.4935,0.7896,-14.013871221076913,-14.183243310844986,-14.834581834783537
0.05,0.4935,0.7896,-12.859239316603942,-13.028613049976848,-13.679956426463997
0.055,0.4935,0.7896,-11.240554091288624,-11.40993916509436,-12.061314972359739
0.060000000000000005,0.4935,0.7896,-10.314868066180559,-10.484279737046364,-11.135729025569988
0.065,0.4935,0.7896,-9.6120984004992,-9.781561629249358,-10.433150402220521
0.06999999999999999,0.4935,0.7896,-8.688148520905164,-8.85777462718601,-9.509799312333476
0.075,0.4935,0.7896,-8.458157568289908,-8.62787647026962,-9.280137518505551
0.08,0.4935,0.7896,-7.755342943087513,-7.925462074119799,-8.578761471972761
0.08499999999999999,0.4935,0.7896,-7.051806187760949,-7.222763594976056,-7.8782156818209534
0.09,0.4935,0.7896,-6.821563934456841,-6.993021017397493,-7.649716674119085
0.01,0.987,0.7896,-14.393415856835333,-14.635851614318957,-15.265508786267004
0.015,0.987,0.7896,-9.195745129751819,-9.399169028743694,-10.10197887598474
0.02,0.987,0.7896,-6.878237264003801,-7.047731690697555,-7.698003360279282
0.025,0.987,0.7896,-5.230140493667358,-5.3972878041167816,-6.04272651994416
0.03,0.987,0.7896,-4.227066173733375,-4.395351191359052,-5.04361635219071
0.035,0.987,0.7896,-3.673603702519483,-3.844915941540995,-4.508502954212783
0.04,0.987,0.7896,-3.0811381616832834,-3.2584296374104853,-3.9511931964024862
0.045000000000000005,0.987,0.7896,-2.4346865238840905,-2.626561782806715,-3.369283189031664
0.05,0.987,0.7896,-1.6957802974408467,-1.9144490860540115,-2.7409016418434504
0.055,0.987,0.7896,-1.2398467321860949,-1.4873704301448245,-2.396264787249295
0.060000000000000005,0.987,0.7896,-0.7323041128280006,-1.0150098003003645,-2.0282941689202203
0.065,0.987,0.7896,-0.6310086375935572,-0.9316857338048445,-1.9925800921264656
0.06999999999999999,0.987,0.7896,-0.06070296761841602,-0.4000810230230385,-1.5913343655464842
0.075,0.987,0.7896,0.5713062043680062,0.19192472880382905,-1.1540096251509966
0.08,0.987,0.7896,0.6832441996222873,0.2916838242838499,-1.1027633593060775
0.08499999999999999,0.987,0.7896,0.7840232607119835,0.38017480411959337,-1.0570577869109639
0.09,0.987,0.7896,1.5101885846366079,1.0617533703791213,-0.5626759822727792
0.01,0.93765,0.6909000000000001,-26.378559724767,-26.62086116657086,-27.253464502363318
0.015,0.93765,0.6909000000000001,-17.23520817533657,-17.438633740902144,-18.14144967245052
0.02,0.93765,0.6909000000000001,-12.91855762578957,-13.088648239196791,-13.740335168969924
0.025,0.93765,0.6909000000000001,-10.00446037256334,-10.173810895750645,-10.825092075145939
0.03,0.93765,0.6909000000000001,-8.280027989198985,-8.44937055925556,-9.100608312475993
0.035,0.93765,0.6909000000000001,-7.330037321051038,-7.499461060532846,-8.151119688838781
0.04,0.93765,0.6909000000000001,-6.427967616089418,-6.597769553559241,-7.251116883761683
0.045000000000000005,0.93765,0.6909000000000001,-5.572041559815788,-5.743351301007167,-6.401610044495805
0.05,0.93765,0.6909000000000001,-4.738399010928144,-4.913898556207623,-5.584472941669437
0.055,0.93765,0.6909000000000001,-4.206848031035488,-4.388496423143993,-5.076245687056961
0.060000000000000005,0.93765,0.6909000000000001,-3.701218377346653,-3.8922113461079726,-4.60602365502047
0.065,0.93765,0.6909000000000001,-3.6133986338027,-3.808857459204893,-4.533889472373824
0.06999999999999999,0.93765,0.6909000000000001,-3.0560088968891743,-3.2677484511643877,-4.038072527594265
0.075,0.93765,0.6909000000000001,-2.511496271456967,-2.744494775521617,-3.5750097345633134
0.08,0.93765,0.6909000000000001,-2.399645032210598,-2.640593279814796,-3.4922206697219647
0.08499999999999999,0.93765,0.6909000000000001,-2.290322719080522,-2.5392180263552255,-3.411760069299253
0.09,0.93765,0.6909000000000001,-1.643608377932146,-1.9262010203124043,-2.898608665870209
0.01,0.8883,0.6909000000000001,-30.43360132003768,-30.675902761841545,-31.308506097633998
0.015,0.8883,0.6909000000000001,-19.938569242230024,-20.141994808297227,-20.84481074167696
0.02,0.8883,0.6909000000000001,-14.919051024484816,-15.089142877823923,-15.740832761279664
0.025,0.8883,0.6909000000000001,-11.626698195377003,-11.796065101152417,-12.447391034904973
0.03,0.8883,0.6909000000000001,-9.63325509688732,-9.802619179171511,-10.453930268975899
0.035,0.8883,0.6909000000000001,-8.469679376502096,-8.639067654571704,-9.290507296311208
0.04,0.8883,0.6909000000000001,-7.411591398652356,-7.5811262476961785,-8.233222608750724
0.045000000000000005,0.8883,0.6909000000000001,-6.460987354956271,-6.631184616947652,-7.285448343433625
0.05,0.8883,0.6909000000000001,-5.60137423881383,-5.773530946001406,-6.433513394115449
0.055,0.8883,0.6909000000000001,-4.987215371275765,-5.162837231180167,-5.8324932583152895
0.060000000000000005,0.8883,0.6909000000000001,-4.4625728499393,-4.6436336109350025,-5.328313353147208
0.065,0.8883,0.6909000000000001,-4.325279474042154,-4.509495210431557,-5.202292145357467
0.06999999999999999,0.8883,0.6909000000000001,-3.7595174289010447,-3.9545557265690956,-4.676899944918302
0.075,0.8883,0.6909000000000001,-3.281633954922639,-3.490103546865432,-4.2491113552873685
0.08,0.8883,0.6909000000000001,-3.1161338035121324,-3.331874540260441,-4.109940077618601
0.08499999999999999,0.8883,0.6909000000000001,-2.9489483682675655,-3.172564485134747,-3.9712501371952604
0.09,0.8883,0.6909000000000001,-2.3865892256694115,-2.63454475832008,-3.501421104055525
0.01,0.83895,0.6909000000000001,-34.72048235803383,-34.96278379983769,-35.59538713563015
0.015,0.83895,0.6909000000000001,-22.796489934456154,-22.9999155005573,-23.702731434060958
0.02,0.83895,0.6909000000000001,-17.0339131910243,-17.204005214925726,-17.855695504686924
0.025,0.83895,0.6909000000000001,-13.341495254237081,-13.510865467626585,-14.162200439564975
0.03,0.83895,0.6909000000000001,-11.062626607074723,-11.231996437998957,-11.883327185515048
0.035,0.83895,0.6909000000000001,-9.671410596274884,-9.840787238868838,-10.492155046012783
0.04,0.83895,0.6909000000000001,-8.44454195576254,-8.61397201652629,-9.265580350538764
0.045000000000000005,0.83895,0.6909000000000001,-7.386116729893118,-7.55582091570319,-8.208332788647825
0.05,0.83895,0.6909000000000001,-6.48355860495721,-6.654124596110809,-7.309148782663109
0.055,0.83895,0.6909000000000001,-5.772119470253048,-5.944509441848337,-6.604634464974766
0.060000000000000005,0.83895,0.6909000000000001,-5.213604609548001,-5.388981418904665,-6.0573155256649684
0.065,0.83895,0.6909000000000001,-5.0254364627448735,-5.202876551883085,-5.876590076217618
0.06999999999999999,0.83895,0.6909000000000001,-4.437435799359418,-4.621680675628014,-5.31376340253708
0.075,0.83895,0.6909000000000001,-4.005573665106009,-4.197816656327976,-4.911237297284117
0.08,0.83895,0.6909000000000001,-3.790872981143047,-3.9889836898906723,-4.717632966367286
0.08499999999999999,0.83895,0.6909000000000001,-3.5717139838957443,-3.7766777110311995,-4.523097810809355
0.09,0.83895,0.6909000000000001,-3.074639954050252,-3.296220837334059,-4.087413599654608
0.01,0.7896,0.6909000000000001,-39.26732899426644,-39.5096304360703,-40.14223377186276
0.015,0.7896,0.6909000000000001,-25.827721025291147,-26.03114659139426,-26.7339625249051
0.02,0.7896,0.6909000000000001,-19.27702430302575,-19.447116347845398,-20.098806687437055
0.025,0.7896,0.6909000000000001,-15.16024211946543,-15.329612941217457,-15.980949575616899
0.03,0.7896,0.6909000000000001,-12.57834325848473,-12.747714504913315,-13.399050096675195
0.035,0.7896,0.6909000000000001,-10.944963840928933,-11.114336884174323,-11.765682471548319
0.04,0.7896,0.6909000000000001,-9.537304537237503,-9.706695808558027,-10.358123886823165
0.045000000000000005,0.7896,0.6909000000000001,-8.360544702961548,-8.530042681084266,-9.181825366282363
0.05,0.7896,0.6909000000000001,-7.4040353891263715,-7.573890401672995,-8.226715922276595
0.055,0.7896,0.6909000000000001,-6.581498214103141,-6.752252949309353,-7.40760305729699
0.060000000000000005,0.7896,0.6909000000000001,-5.976560883232404,-6.148865620916287,-6.808468647223853
0.065,0.7896,0.6909000000000001,-5.733541919975465,-5.907101651789316,-6.570005572362395
0.06999999999999999,0.7896,0.6909000000000001,-5.109613507227956,-5.287229892993742,-5.961016474169008
0.075,0.7896,0.6909000000000001,-4.707578974864392,-4.889706451311432,-5.5753615849985065
0.08,0.7896,0.6909000000000001,-4.443172546654335,-4.629601760207753,-5.326358168174544
0.08499999999999999,0.7896,0.6909000000000001,-4.173197502492885,-4.365040441081454,-5.075729934911279
0.09,0.7896,0.6909000000000001,-3.72428637771121,-3.9269117064463774,-4.665898503452861
0.01,0.6909000000000001,0.6909000000000001,-49.28218344110563,-49.52448488290949,-50.157088218701944
0.015,0.6909000000000001,0.6909000000000001,-32.504290656517945,-32.70771622262115,-33.410532156132355
0.02,0.6909000000000001,0.6909000000000001,-24.217685842486052,-24.387777889771524,-25.039468235237162
0.025,0.6909000000000001,0.6909000000000001,-19.166185459233,-19.33555639664867,-19.986893347123058
0.03,0.6909000000000001,0.6909000000000001,-15.91665552871107,-16.086027159639574,-16.737364067529757
0.035,0.6909000000000001,0.6909000000000001,-13.749282467284468,-13.918654197014527,-14.569991675895672
0.04,0.6909000000000001,0.6909000000000001,-11.941569233521916,-12.110942653147184,-12.762287846186323
0.045000000000000005,0.6909000000000001,0.6909000000000001,-10.499443235865918,-10.668829814054996,-11.320219417509374
0.05,0.6909000000000001,0.6909000000000001,-9.413541964177297,-9.582979016040321,-10.234517101021225
0.055,0.6909000000000001,0.6909000000000001,-8.332237518468402,-8.501854243363997,-9.153900597683986
0.060000000000000005,0.6909000000000001,0.6909000000000001,-7.6060506519075775,-7.776018069871544,-8.429028410824294
0.065,0.6909000000000001,0.6909000000000001,-7.23675807661285,-7.407102869823456,-8.061118166038996
0.06999999999999999,0.6909000000000001,0.6909000000000001,-6.5055507667344585,-6.6771244515570904,-7.334423729895885
0.075,0.6909000000000001,0.6909000000000001,-6.132037443810922,-6.304836166890485,-6.965317837489034
0.08,0.6909000000000001,0.6909000000000001,-5.75355051029046,-5.928178269854354,-6.593368334807907
0.08499999999999999,0.6909000000000001,0.6909000000000001,-5.371149407312415,-5.54846235733126,-6.220517433010186
0.09,0.6909000000000001,0.6909000000000001,-4.978681044053219,-5.159924602635762,-5.842008308113041
0.01,0.4935,0.6909000000000001,-74.51760118769661,-74.75990262950047,-75.39250596529293
0.015,0.4935,0.6909000000000001,-49.3279024875786,-49.531328053681804,-50.23414398719301
0.02,0.4935,0.6909000000000001,-36.66715859755989,-36.837250644863126,-37.48894099037106
0.025,0.4935,0.6909000000000001,-29.26035258681722,-29.429723526377764,-30.081060482713475
0.03,0.4935,0.6909000000000001,-24.328462454481787,-24.49783409955969,-25.14917105588488
0.035,0.4935,0.6909000000000001,-20.81520970256076,-20.984581347714077,-21.635918304496126
0.04,0.4935,0.6909000000000001,-17.998138889258456,-18.167510538496625,-18.818847514127693
0.045000000000000005,0.4935,0.6909000000000001,-15.883318809419066,-16.052690523075604,-16.704027721152
0.05,0.4935,0.6909000000000001,-14.461642117497801,-14.631014183201563,-15.282352432673578
0.055,0.4935,0.6909000000000001,-12.709534333351254,-12.878909069758235,-13.530254969476566
0.060000000000000005,0.4935,0.6909000000000001,-11.65052527470108,-11.819907450717583,-12.471273960807764
0.065,0.4935,0.6909000000000001,-10.94813711815463,-11.11753286146427,-11.768936072888586
0.06999999999999999,0.4935,0.6909000000000001,-9.89172997570538,-10.061178161282553,-10.71272194789947
0.075,0.4935,0.6909000000000001,-9.528607204187615,-9.698098232658662,-10.349752818347367
0.08,0.4935,0.6909000000000001,-8.828151670201446,-8.9977804275085,-9.649792118290236
0.08499999999999999,0.4935,0.6909000000000001,-8.12943309382003,-8.29935074822046,-8.952103395438774
0.09,0.4935,0.6909000000000001,-7.767417304804083,-7.937609809519097,-8.591053900457903
0.01,0.987,0.6909000000000001,-22.53156264570071,-22.77386408750457,-23.406467423297027
0.015,0.987,0.6909000000000001,-14.670543412505005,-14.873968971620913,-15.576784879622602
0.02,0.987,0.6909000000000001,-11.020664993740594,-11.190747475358577,-11.842415035188788
0.025,0.987,0.6909000000000001,-8.464653836441189,-8.633929822786252,-9.285007626542093
0.03,0.987,0.6909000000000001,-6.992283812877181,-7.161552476391396,-7.812541055647965
0.035,0.987,0.6909000000000001,-6.240929253443154,-6.410456434380758,-7.062754419488768
0.04,0.987,0.6909000000000001,-5.479803268244423,-5.6502479354378705,-6.306647114091002
0.045000000000000005,0.987,0.6909000000000001,-4.700901618664835,-4.874566881804629,-5.541477014330239
0.05,0.987,0.6909000000000001,-3.8678694608354993,-4.0499033591417986,-4.741832795136954
0.055,0.987,0.6909000000000001,-3.405915177576441,-3.59809516868515,-4.318408940314807
0.060000000000000005,0.987,0.6909000000000001,-2.9035112374458056,-3.110804743460373,-3.873910800087738
0.065,0.987,0.6909000000000001,-2.8675736502567255,-3.080690112562366,-3.8577477535977085
0.06999999999999999,0.987,0.6909000000000001,-2.306277930992134,-2.5424511985104425,-3.3855842251592874
0.075,0.987,0.6909000000000001,-1.6711914128145113,-1.9387886925712816,-2.8760796318988233
0.08,0.987,0.6909000000000001,-1.623088194483657,-1.8978948887929148,-2.854451538908453
0.08499999999999999,0.987,0.6909000000000001,-1.582570032558026,-1.8639205864760706,-2.8371068981934298
0.09,0.987,0.6909000000000001,-0.832166261888228,-1.1572894859116276,-2.2706599826361145
0.01,0.93765,0.4935,-46.897308654346375,-47.13935831335053,-47.77455323738088
0.015,0.93765,0.4935,-31.030569880428587,-31.2339954465318,-31.936811380043
0.02,0.93765,0.4935,-23.349204144226878,-23.519296191487786,-24.17098653689491
0.025,0.93765,0.4935,-18.080069594787144,-18.249440527992803,-18.90077746696244
0.03,0.93765,0.4935,-15.011557534781469,-15.180929144875176,-15.832265981445783
0.035,0.93765,0.4935,-13.392763684715629,-13.56213545070523,-14.213473153419606
0.04,0.93765,0.4935,-11.828246981932713,-11.997620614468202,-12.648966795779081
0.045000000000000005,0.93765,0.4935,-10.323886538606597,-10.493275980974072,-11.1446756833995
0.05,0.93765,0.4935,-8.869746706224213,-9.039230897724158,-9.690913996664225
0.055,0.93765,0.4935,-8.062486346196915,-8.232178526062917,-8.884443439168809
0.060000000000000005,0.93765,0.4935,-7.303778826870178,-7.4739539617062425,-8.127548409198742
0.065,0.93765,0.4935,-7.242339615260928,-7.4126790626185395,-8.066679630150928
0.06999999999999999,0.93765,0.4935,-6.479413008508305,-6.651043393210938,-7.308496519122004
0.075,0.93765,0.4935,-5.755806628722731,-5.930083870307478,-6.594527862789308
0.08,0.93765,0.4935,-5.694093091628468,-5.869023694344645,-6.535015769027478
0.08499999999999999,0.93765,0.4935,-5.635375813554696,-5.81096103424385,-6.478485123034897
0.09,0.93765,0.4935,-4.8816346153929135,-5.06394208985669,-5.7488100552156425
0.01,0.8883,0.4935,-50.95235024961706,-51.194399908621214,-51.82959483265156
0.015,0.8883,0.4935,-33.73393094394238,-33.93735651004559,-34.64017244355679
0.02,0.8883,0.4935,-25.349691331410416,-25.51978337870792,-26.171473724202222
0.025,0.8883,0.4935,-19.70208630172467,-19.871457240030196,-20.522794192936303
0.03,0.8883,0.4935,-16.363239918071905,-16.532611554098,-17.183948479437813
0.035,0.8883,0.4935,-14.528185292233847,-14.697556976160996,-15.348894172297014
0.04,0.8883,0.4935,-12.801505431214165,-12.97087782730346,-13.6222182694554
0.045000000000000005,0.8883,0.4935,-11.189183739697247,-11.358562878591838,-12.009926253251992
0.05,0.8883,0.4935,-9.681732791944963,-9.851154474852825,-10.502645291294654
0.055,0.8883,0.4935,-8.767469763309654,-8.937000246970996,-9.588796885982218
0.060000000000000005,0.8883,0.4935,-7.957037420891292,-8.126829608553294,-8.779347468939184
0.065,0.8883,0.4935,-7.841725400826142,-8.01163166968835,-8.66443933299443
0.06999999999999999,0.8883,0.4935,-7.029566751626405,-7.200256927782857,-7.855161028362687
0.075,0.8883,0.4935,-6.316024209937089,-6.488265958260973,-7.147257648974491
0.08,0.8883,0.4935,-6.2003792477669135,-6.37318342735591,-7.033553008455734
0.08499999999999999,0.8883,0.4935,-6.087364924786831,-6.26078551535953,-6.9226513548207915
0.09,0.8883,0.4935,-5.353314238832546,-5.531147740070873,-6.20433962034156
0.01,0.83895,0.4935,-55.23923128761321,-55.48128094661736,-56.11647587064771
0.015,0.83895,0.4935,-36.59185163593981,-36.795277202043025,-37.49809313555423
0.02,0.83895,0.4935,-27.464552643513734,-27.634644690816273,-28.286335036322566
0.025,0.83895,0.4935,-21.416838730813204,-21.58620967014791,-22.23754662586646
0.03,0.83895,0.4935,-17.792200755700772,-17.961572398612635,-18.612909347523203
0.035,0.83895,0.4935,-15.728515278437989,-15.89788693521538,-16.54922396375376
0.04,0.83895,0.4935,-13.83037579701815,-13.99974771052424,-14.651085912749778
0.045000000000000005,0.83895,0.4935,-12.103814976013574,-12.27318962402916,-12.924537166439842
0.05,0.83895,0.4935,-10.539559589104881,-10.708952468053612,-11.360354709257635
0.055,0.83895,0.4935,-9.511615574512739,-9.681062802228883,-10.33261845747202
0.060000000000000005,0.83895,0.4935,-8.645364634558918,-8.814948240553228,-9.46688021310415
0.065,0.83895,0.4935,-8.473143885965728,-8.642800835176303,-9.294922425245431
0.06999999999999999,0.83895,0.4935,-7.606935889051993,-7.777053102250958,-8.43040602707342
0.075,0.83895,0.4935,-6.899587265812536,-7.070584091827328,-7.7262507374034435
0.08,0.83895,0.4935,-6.727548448560084,-6.898978210641263,-7.555724632905837
0.08499999999999999,0.83895,0.4935,-6.557937344770289,-6.729879514817291,-7.387892603148273
0.09,0.83895,0.4935,-5.8375495741490875,-6.0123078083869785,-6.677522679700073
0.01,0.7896,0.4935,-59.78607792384582,-60.028127582849976,-60.66332250688032
0.015,0.7896,0.4935,-39.62308272676155,-39.826508292864766,-40.52932422637597
0.02,0.7896,0.4935,-29.707663650724918,-29.87775569802807,-30.529446043535838
0.025,0.7896,0.4935,-23.235577387860786,-23.40494832738477,-24.05628528362056
0.03,0.7896,0.4935,-19.307816421965242,-19.477188066569777,-20.128525021274577
0.035,0.7896,0.4935,-17.001633358878145,-17.17100500723367,-17.822341983783215
0.04,0.7896,0.4935,-14.921625978435646,-15.090997713653712,-15.742335088357718
0.045000000000000005,0.7896,0.4935,-13.073849038385724,-13.243221821857324,-13.894562791245894
0.05,0.7896,0.4935,-11.44912728995464,-11.618507488305921,-12.269870741034184
0.055,0.7896,0.4935,-10.300273462885821,-10.469679482063208,-11.121115891301669
0.060000000000000005,0.7896,0.4935,-9.374134419156862,-9.543608507005544,-10.195232994640996
0.065,0.7896,0.4935,-9.14150493038103,-9.311023085573533,-9.9627629075459
0.06999999999999999,0.7896,0.4935,-8.216603223803446,-8.386381848452787,-9.038818900907716
0.075,0.7896,0.4935,-7.512937243102227,-7.683196757955346,-8.33689757134409
0.08,0.7896,0.4935,-7.28118372092996,-7.45175020202447,-8.106225277603565
0.08499999999999999,0.7896,0.4935,-7.051806187760949,-7.222763594976056,-7.8782156818209534
0.09,0.7896,0.4935,-6.3406217771683355,-6.513322485820597,-7.173222253881534
0.01,0.6909000000000001,0.4935,-69.800932370685,-70.04298202968916,-70.67817695371951
0.015,0.6909000000000001,0.4935,-46.299652357987675,-46.50307792409089,-47.20589385760209
0.02,0.6909000000000001,0.4935,-34.64832517783261,-34.81841722513584,-35.470107570643776
0.025,0.6909000000000001,0.4935,-27.24151916708213,-27.410890106642096,-28.062227062976227
0.03,0.6909000000000001,0.4935,-22.64610127039257,-22.815472915456706,-23.466809871734757
0.035,0.6909000000000001,0.4935,-19.80579297739885,-19.975164622678193,-20.626501580238234
0.04,0.6909000000000001,0.4935,-17.32519425957857,-17.494565912807573,-18.14590290696195
0.045000000000000005,0.6909000000000001,0.4935,-15.21037291986974,-15.379744699358653,-16.031082129505755
0.05,0.6909000000000001,0.4935,-13.452213931639132,-13.62158673090319,-14.272927235596118
0.055,0.6909000000000001,0.4935,-12.03655112705003,-12.205928831044023,-12.857283316272667
0.060000000000000005,0.6909000000000001,0.4935,-10.977463144118872,-11.146855429074881,-11.79825030949322
0.065,0.6909000000000001,0.4935,-10.611561360589011,-10.780966742229696,-11.432396454033071
0.06999999999999999,0.6909000000000001,0.4935,-9.554948232160877,-9.724427025562663,-10.376053530015152
0.075,0.6909000000000001,0.4935,-8.854557519501542,-9.024163094109605,-9.676122502322704
0.08,0.6909000000000001,0.4935,-8.490724114046824,-8.660455637126006,-9.312737097699456
0.08499999999999999,0.6909000000000001,0.4935,-8.12943309382003,-8.29935074822046,-8.952103395438774
0.09,0.6909000000000001,0.4935,-7.42805932402676,-7.598579475839347,-8.252865403693207
0.01,0.4935,0.4935,-95.03635011727599,-95.27839977628014,-95.91359470031048
0.015,0.4935,0.4935,-63.12326418904833,-63.32668975515154,-64.02950568866275
0.02,0.4935,0.4935,-47.0977979328175,-47.26788998012073,-47.919580325628665
0.025,0.4935,0.4935,-37.33568626572753,-37.50505720528816,-38.156394161624114
0.03,0.4935,0.4935,-31.057907187130333,-31.22727883221138,-31.87861578854732
0.035,0.4935,0.4935,-26.871709970493992,-27.041081615575212,-27.692418571912214
0.04,0.4935,0.4935,-23.381694837405377,-23.551066482505515,-24.202403438930062
0.045000000000000005,0.4935,0.4935,-20.593931584161194,-20.763303229859375,-21.414640188370818
0.05,0.4935,0.4935,-18.499315421214394,-18.668687073714654,-19.320024052859722
0.055,0.4935,0.4935,-16.41076828813787,-16.58014000955725,-17.231477186742925
0.060000000000000005,0.4935,0.4935,-15.015365974622057,-15.18473798378799,-15.836075961867536
0.065,0.4935,0.4935,-14.31310937146865,-14.482481849721587,-15.133821096701555
0.06999999999999999,0.4935,0.4935,-12.92071667888427,-13.09009202923424,-13.741438997384144
0.075,0.4935,0.4935,-12.22145907373694,-12.39083881036084,-13.042197292793738
0.08,0.4935,0.4935,-11.5221580827969,-11.691547158834748,-12.342929849433121
0.08499999999999999,0.4935,0.4935,-10.825803811944182,-10.995212492348195,-11.646645432934843
0.09,0.4935,0.4935,-10.129268695189664,-10.298718318028111,-10.950255323441432
0.01,0.987,0.4935,-43.05031157528009,-43.29236123428424,-43.92755615831459
0.015,0.987,0.4935,-28.46590516105102,-28.66933072715422,-29.3721466606654
0.02,0.987,0.4935,-21.451352250685066,-21.621444297705953,-22.2731346425413
0.025,0.987,0.4935,-16.54127044933442,-16.710641359287298,-17.361978234713817
0.03,0.987,0.4935,-13.729218667642142,-13.898590186595163,-14.549926711186
0.035,0.987,0.4935,-12.315576085469536,-12.484948085592903,-13.13628723363679
0.04,0.987,0.4935,-10.90484947303944,-11.074226121398121,-11.7255863020409
0.045000000000000005,0.987,0.4935,-9.502707004850537,-9.672119077133278,-10.323598585533539
0.05,0.987,0.4935,-8.098311511132415,-8.267925870962799,-8.92000965219624
0.055,0.987,0.4935,-7.391722549311055,-7.561717701058293,-8.214860895065405
0.060000000000000005,0.987,0.4935,-6.680364202992882,-6.851219150966895,-7.506727698440784
0.065,0.987,0.4935,-6.670291195195158,-6.841360678969917,-7.4973742034930595
0.06999999999999999,0.987,0.4935,-5.951386810424832,-6.1245167182918,-6.786044504054569
0.075,0.987,0.4935,-5.211975169574868,-5.389480411602245,-6.0626110600802345
0.08,0.987,0.4935,-5.202890212213928,-5.381023017483723,-6.055521081565947
0.08499999999999999,0.987,0.4935,-5.197266521580617,-5.375947601297538,-6.051599965504297
0.09,0.987,0.4935,-4.415960085053535,-4.604609382151554,-5.306174439258294
0.01,0.93765,0.987,-4.674213613036916,-4.916448505044947,-5.5269025076708544
0.015,0.93765,0.987,-2.6034965833911485,-2.8057449404710915,-3.5043045076144343
0.02,0.93765,0.987,-1.4990091622511887,-1.6149324193983672,-2.167849683089772
0.025,0.93765,0.987,-0.5965910752466994,-0.7345267359076507,-1.3362929530803314
0.03,0.93765,0.987,0.07326365613187086,-0.09882906654198473,-0.7869568834171512
0.035,0.93765,0.987,0.6163349185390522,0.43554875881097677,-0.3738558922013237
0.04,0.93765,0.987,1.1440209577469813,0.9481799208889962,-0.039041043448289944
0.045000000000000005,0.93765,0.987,1.655749450331721,1.402557190297965,0.2242243059121163
0.05,0.93765,0.987,2.101133974836052,1.7741552663436408,0.4165719986583758
0.055,0.93765,0.987,2.692589983067828,2.2859453186697034,0.7169286363062239
0.060000000000000005,0.93765,0.987,3.162046169796921,2.6954652662090397,0.9370113717220243
0.065,0.93765,0.987,3.6167182654153565,3.11103908553376,1.178106348753402
0.06999999999999999,0.93765,0.987,4.047204348850562,3.5219782882710766,1.4314947307911636
0.075,0.93765,0.987,4.301799489488762,3.7723954980287937,1.5715749552205691
0.08,0.93765,0.987,4.7343152473632655,4.193079991086656,1.846616053733521
0.08499999999999999,0.93765,0.987,5.1768209439994894,4.61253630016776,2.1246904988718405
0.09,0.93765,0.987,5.44293122545882,4.847442809650805,2.2650415805496182
0.01,0.8883,0.987,-8.729255208307599,-8.97149010031563,-9.581944102941538
0.015,0.8883,0.987,-5.314352557231709,-5.517697456483546,-6.220219084778483
0.02,0.8883,0.987,-3.802812816379906,-3.961696477283461,-4.588313881070019
0.025,0.8883,0.987,-2.822717547782556,-2.9779164255349126,-3.5976298307137817
0.03,0.8883,0.987,-2.003109438954766,-2.171125645633287,-2.8266715758269765
0.035,0.8883,0.987,-1.2774739065218297,-1.4560918901885174,-2.1788072912543095
0.04,0.8883,0.987,-0.6404051400300851,-0.8326478463810701,-1.6556268189437486
0.045000000000000005,0.8883,0.987,-0.10653717373898998,-0.3332980061839136,-1.2780629461452386
0.05,0.8883,0.987,0.2880157994030517,0.015869025817820497,-1.0504634498689227
0.055,0.8883,0.987,0.9429409595336801,0.6115462955069997,-0.6302633391728941
0.060000000000000005,0.8883,0.987,1.4084706037279862,1.0261353611857336,-0.3697260360723261
0.065,0.8883,0.987,1.894291002862749,1.4681512079777215,-0.08611479958202962
0.06999999999999999,0.8883,0.987,2.387101171622975,1.9280274942634088,0.21583337663200278
0.075,0.8883,0.987,2.5767657202493637,2.105947369638264,0.30833102047086625
0.08,0.8883,0.987,3.0937519308907935,2.599812812626376,0.6438896695473563
0.08499999999999999,0.8883,0.987,3.63371478626014,3.112391439055137,0.9952891832263786
0.09,0.8883,0.987,3.8340773504826657,3.2895555738577147,1.097026364534964
0.01,0.83895,0.987,-13.016136246303747,-13.258371138311777,-13.868825140937684
0.015,0.83895,0.987,-8.172785993004211,-8.376206922557682,-9.079005929424332
0.02,0.83895,0.987,-5.969594340040965,-6.138220468208158,-6.7864483753406235
0.025,0.83895,0.987,-4.7317281100060615,-4.897617182983338,-5.539874872097947
0.03,0.83895,0.987,-3.781289316070986,-3.949276125859569,-4.597134318238918
0.035,0.83895,0.987,-2.9436788284332756,-3.116628397916537,-3.7911987423310056
0.04,0.83895,0.987,-2.2249973340210265,-2.4074203827806246,-3.1333462063898563
0.045000000000000005,0.83895,0.987,-1.6651671647469075,-1.8676259698856539,-2.6624697628814595
0.05,0.83895,0.987,-1.3042487873572088,-1.5324303104140014,-2.3978024761398213
0.055,0.83895,0.987,-0.6162632056081135,-0.8858591220872915,-1.8774075145226325
0.060000000000000005,0.83895,0.987,-0.16667862327606206,-0.47443968318614105,-1.5786014775495119
0.065,0.83895,0.987,0.32295410903491545,-0.02462343245593323,-1.2569323479291181
0.06999999999999999,0.83895,0.987,0.8447630852037189,0.45930114386552223,-0.914140273091678
0.075,0.83895,0.987,0.9759382572898988,0.5765118489200506,-0.8566501691485168
0.08,0.83895,0.987,1.5474170585634757,1.1149457673763499,-0.47491518882039657
0.08499999999999999,0.83895,0.987,2.1594016669617875,1.6923633807865175,-0.06714296232048819
0.09,0.83895,0.987,2.303666537381162,1.8189514502503814,0.0025792292416941987
0.01,0.7896,0.987,-17.56298288253636,-17.805217774544392,-18.4156717771703
0.015,0.7896,0.987,-11.204046816220186,-11.407472158560866,-12.110287275152734
0.02,0.7896,0.987,-8.21931286324013,-8.389247695322371,-9.040563873234873
0.025,0.7896,0.987,-6.591789087079351,-6.76055384120512,-7.410247582075441
0.03,0.7896,0.987,-5.409976025480949,-5.57890200329999,-6.228798598367301
0.035,0.7896,0.987,-4.426914451181617,-4.597240133420488,-5.254518566143415
0.04,0.7896,0.987,-3.6256894474794654,-3.8004346846208956,-4.478798497516881
0.045000000000000005,0.7896,0.987,-3.0327555938246995,-3.217785931000985,-3.9301020182934985
0.05,0.7896,0.987,-2.6841384369840324,-2.882409074003371,-3.63092930737022
0.055,0.7896,0.987,-1.9764462384828465,-2.2009508892719887,-3.0280326749156203
0.060000000000000005,0.7896,0.987,-1.5438181453515776,-1.7937238606549628,-2.693827225011466
0.065,0.7896,0.987,-1.0656420509147648,-1.3461366970944135,-2.337613839285244
0.06999999999999999,0.7896,0.987,-0.5419852404654756,-0.8570225497718404,-1.959428334791558
0.075,0.7896,0.987,-0.45856397830071816,-0.7853824137490776,-1.9249576605484244
0.08,0.7896,0.987,0.1330850760109544,-0.23069354946000653,-1.5073555830800165
0.08499999999999999,0.7896,0.987,0.7840232607119835,0.38017480411959337,-1.0570577869109639
0.09,0.7896,0.987,0.882459530638121,0.46522033846826927,-1.0117716780507673
0.01,0.6909000000000001,0.987,-27.577837329375544,-27.820072221383576,-28.430526224009483
0.015,0.6909000000000001,0.987,-17.880617953130223,-18.08404351895147,-18.786859451433273
0.02,0.6909000000000001,0.987,-13.160756942217928,-13.330847864052076,-13.98253552853516
0.025,0.6909000000000001,0.987,-10.605835742373634,-10.775195488773726,-11.426501861971582
0.03,0.6909000000000001,0.987,-8.781892303385717,-8.951246284670018,-9.60252289504369
0.035,0.6909000000000001,0.987,-7.3228584612334195,-7.492282577104592,-8.143943530228476
0.04,0.6909000000000001,0.987,-6.214160608523707,-6.384062299532508,-7.037879446786399
0.045000000000000005,0.6909000000000001,0.987,-5.460096318557081,-5.631620761014785,-6.290657260680963
0.05,0.6909000000000001,0.987,-5.0630000753353555,-5.236955727454265,-5.9026095379842305
0.055,0.6909000000000001,0.987,-4.2601729882582,-4.441291549327143,-5.1274338427093875
0.060000000000000005,0.6909000000000001,0.987,-3.820358586712736,-4.009461447077857,-4.717675554815763
0.065,0.6909000000000001,0.987,-3.3486136596053733,-3.5496130177212626,-4.290786560718936
0.06999999999999999,0.6909000000000001,0.987,-2.8374442815964107,-3.055606983381934,-3.8447641987078063
0.075,0.6909000000000001,0.987,-2.8088284997960993,-3.0314719776326786,-3.83140352099876
0.08,0.6909000000000001,0.987,-2.2323604693287322,-2.4800889391363325,-3.352135214148396
0.08499999999999999,0.6909000000000001,0.987,-1.5825700325580259,-1.8639205864760706,-2.8371068981934298
0.09,0.6909000000000001,0.987,-1.5438785201958196,-1.8314961177516231,-2.8198600879150324
0.01,0.4935,0.987,-52.813255075966524,-53.05548996797456,-53.66594397060046
0.015,0.4935,0.987,-34.70422978609057,-34.907655352193785,-35.61047128570499
0.02,0.4935,0.987,-25.610235335437093,-25.780327382735912,-26.43201772823334
0.025,0.4935,0.987,-20.70015392604517,-20.869524865143184,-21.520861820214925
0.03,0.4935,0.987,-17.194963294508582,-17.36433493564802,-18.015671878491375
0.035,0.4935,0.987,-14.395055333648614,-14.564427023107402,-15.215764253390681
0.04,0.4935,0.987,-12.291290916192958,-12.460663812156785,-13.112006574528484
0.045000000000000005,0.4935,0.987,-10.889653567351072,-11.059035322426217,-11.710407920676928
0.05,0.4935,0.987,-10.1810740655802,-10.350476093504875,-11.001906466831246
0.055,0.4935,0.987,-8.784111531819532,-8.953639401277742,-9.605428472188052
0.060000000000000005,0.4935,0.987,-8.07956644281803,-8.24931040746503,-8.901692782071976
0.065,0.4935,0.987,-7.372512687553206,-7.542735365098178,-8.196414255966568
0.06999999999999999,0.4935,0.987,-6.663364033959832,-6.834623704303566,-7.491071241082053
0.075,0.4935,0.987,-6.6564902341329,-6.8279235395020486,-7.484755140489592
0.08,0.4935,0.987,-5.936130361061898,-6.109922737206482,-6.7729026534167325
0.08499999999999999,0.4935,0.987,-5.197266521580617,-5.375947601297538,-6.051599965504297
0.09,0.4935,0.987,-5.191817856887795,-5.370994242791155,-6.047681883320363
0.01,0.987,0.987,-0.8272165339706259,-1.0694514259786572,-1.6799054286045643
0.015,0.987,0.987,0.04614019307292923,-0.14537044924764797,-0.8085617297970213
0.02,0.987,0.987,1.3598364762045358,1.3084480362838686,0.8265034371301382
0.025,0.987,0.987,2.039806340467543,1.91216357593197,1.3053644276670995
0.03,0.987,0.987,2.3812787490873797,2.2054389242280052,1.4799921441456494
0.035,0.987,0.987,2.673233675186399,2.507810498772121,1.562498643880719
0.04,0.987,0.987,3.105458313121916,2.918057675640267,1.6737538890509391
0.045000000000000005,0.987,0.987,3.5924638333317676,3.31452239559479,1.8243650317861857
0.05,0.987,0.987,4.095900891601243,3.7045890431320463,1.9943676035659097
0.055,0.987,0.987,4.593613544042445,4.101141084014616,2.157720515955652
0.060000000000000005,0.987,0.987,5.047679457231936,4.495648918266857,2.335138509010454
0.065,0.987,0.987,5.439758112539667,4.863122368887806,2.5286387983534384
0.06999999999999999,0.987,0.987,5.779252542865235,5.202332719677274,2.7245987193865697
0.075,0.987,0.987,6.103555707241721,5.534048536806171,2.923028079121351
0.08,0.987,0.987,6.433169541390466,5.860087671255527,3.1217147365830376
0.08499999999999999,0.987,0.987,6.762784699532281,6.165349930381198,3.3094246450470566
0.09,0.987,0.987,7.1034718938947705,6.463325669260931,3.4933375372491606
