k,S1,S2,lambda,rs,Sint,increase
0.01,0.987,0.987,0.502384574,-0.688389368,0.974169,0
0.015,0.987,0.987,1.035971744,0.035339869,0.974169,1
0.02,0.987,0.987,2.967911802,1.087858609,0.974169,1
0.025,0.987,0.987,5.113297921,1.631844582,0.974169,1
0.03,0.987,0.987,6.719561344,1.905022876,0.974169,1
0.035,0.987,0.987,8.487435575,2.138586902,0.974169,1
0.04,0.987,0.987,11.99352168,2.484366644,0.974169,1
0.045,0.987,0.987,17.70719521,2.873971066,0.974169,1
0.05,0.987,0.987,26.48876586,3.276720713,0.974169,1
0.055,0.987,0.987,39.44435069,3.674890835,0.974169,1
0.06,0.987,0.987,56.72094629,4.038143566,0.974169,1
0.065,0.987,0.987,77.61855349,4.35180649,0.974169,1
0.07,0.987,0.987,101.8399063,4.623402034,0.974169,1
0.075,0.987,0.987,132.005629,4.882844566,0.974169,1
0.08,0.987,0.987,171.8351579,5.146535633,0.974169,1
0.085,0.987,0.987,223.6825277,5.41022776,0.974169,1
0.09,0.987,0.987,293.7642324,5.682777515,0.974169,1
0.01,0.93765,0.987,0.023144756,-3.765987032,0.92546055,0
0.015,0.93765,0.987,0.124187132,-2.08596572,0.92546055,0
0.02,0.93765,0.987,0.301284304,-1.199700928,0.92546055,0
0.025,0.93765,0.987,0.620436947,-0.477331295,0.92546055,0
0.03,0.93765,0.987,1.060349525,0.058598594,0.92546055,1
0.035,0.93765,0.987,1.63732613,0.493064503,0.92546055,1
0.04,0.93765,0.987,2.497314325,0.915215884,0.92546055,1
0.045,0.93765,0.987,3.760678348,1.324599353,0.92546055,1
0.05,0.93765,0.987,5.370425423,1.680907128,0.92546055,1
0.055,0.93765,0.987,8.619887032,2.154071979,0.92546055,1
0.06,0.93765,0.987,12.54894922,2.529636935,0.92546055,1
0.065,0.93765,0.987,18.05413261,2.893374612,0.92546055,1
0.07,0.93765,0.987,25.47667886,3.237763479,0.92546055,1
0.075,0.93765,0.987,31.23188698,3.441439592,0.92546055,1
0.08,0.93765,0.987,44.14378724,3.787452198,0.92546055,1
0.085,0.93765,0.987,62.89437645,4.141456755,0.92546055,1
0.09,0.93765,0.987,77.81583773,4.35434498,0.92546055,1
0.01,0.8883,0.987,9.03E-04,-7.010020308,0.8767521,0
0.015,0.8883,0.987,0.01419533,-4.254842259,0.8767521,0
0.02,0.8883,0.987,0.04764968,-3.043879355,0.8767521,0
0.025,0.8883,0.987,0.104468806,-2.25886676,0.8767521,0
0.03,0.8883,0.987,0.201344837,-1.602736233,0.8767521,0
0.035,0.8883,0.987,0.359852709,-1.022060474,0.8767521,0
0.04,0.8883,0.987,0.599086304,-0.512349611,0.8767521,0
0.045,0.8883,0.987,0.918293751,-0.08523795,0.8767521,0
0.05,0.8883,0.987,1.259115451,0.230409451,0.8767521,1
0.055,0.8883,0.987,2.126233482,0.754352096,0.8767521,1
0.06,0.8883,0.987,3.085693067,1.126776289,0.8767521,1
0.065,0.8883,0.987,4.55139033,1.515432753,0.8767521,1
0.07,0.8883,0.987,6.750934411,1.909680927,0.8767521,1
0.075,0.8883,0.987,7.85706063,2.061412571,0.8767521,1
0.08,0.8883,0.987,11.88172546,2.475001544,0.8767521,1
0.085,0.8883,0.987,18.30129512,2.906971829,0.8767521,1
0.09,0.8883,0.987,21.48299905,3.06726188,0.8767521,1
0.01,0.83895,0.987,2.93E-05,-10.43952514,0.82804365,0
0.015,0.83895,0.987,0.001442176,-6.541602486,0.82804365,0
0.02,0.83895,0.987,0.00841555,-4.77767406,0.82804365,0
0.025,0.83895,0.987,0.022665789,-3.786898596,0.82804365,0
0.03,0.83895,0.987,0.048506742,-3.02605248,0.82804365,0
0.035,0.83895,0.987,0.094847885,-2.35548088,0.82804365,0
0.04,0.83895,0.987,0.168598257,-1.780236573,0.82804365,0
0.045,0.83895,0.987,0.263885969,-1.332238206,0.82804365,0
0.05,0.83895,0.987,0.352236039,-1.043453763,0.82804365,0
0.055,0.83895,0.987,0.61077538,-0.493026014,0.82804365,0
0.06,0.83895,0.987,0.87515972,-0.133348872,0.82804365,0
0.065,0.83895,0.987,1.294806522,0.25836128,0.82804365,1
0.07,0.83895,0.987,1.965624252,0.67580988,0.82804365,1
0.075,0.83895,0.987,2.18310942,0.7807502,0.82804365,1
0.08,0.83895,0.987,3.448479993,1.237933552,0.82804365,1
0.085,0.83895,0.987,5.626689827,1.727521317,0.82804365,1
0.09,0.83895,0.987,6.315034504,1.84293322,0.82804365,1
0.01,0.7896,0.987,7.70E-07,-14.07700245,0.7793352,0
0.015,0.7896,0.987,1.28E-04,-8.966611927,0.7793352,0
0.02,0.7896,0.987,0.001391321,-6.57750158,0.7793352,0
0.025,0.7896,0.987,0.005116822,-5.275221801,0.7793352,0
0.03,0.7896,0.987,0.013172952,-4.329589638,0.7793352,0
0.035,0.7896,0.987,0.028932745,-3.542781264,0.7793352,0
0.04,0.7896,0.987,0.0549479,-2.901369815,0.7793352,0
0.045,0.7896,0.987,0.088327842,-2.426699905,0.7793352,0
0.05,0.7896,0.987,0.116759022,-2.14764311,0.7793352,0
0.055,0.7896,0.987,0.205709562,-1.581289999,0.7793352,0
0.06,0.7896,0.987,0.290799549,-1.235121084,0.7793352,0
0.065,0.7896,0.987,0.426329667,-0.852542366,0.7793352,0
0.07,0.7896,0.987,0.648172288,-0.433598742,0.7793352,0
0.075,0.7896,0.987,0.69290683,-0.366859734,0.7793352,0
0.08,0.7896,0.987,1.112339633,0.106465574,0.7793352,1
0.085,0.7896,0.987,1.872394399,0.627218039,0.7793352,1
0.09,0.7896,0.987,2.025805077,0.70596719,0.7793352,1
0.01,0.6909,0.987,2.55E-10,-22.088886,0.6819183,0
0.015,0.6909,0.987,6.11E-07,-14.30786888,0.6819183,0
0.02,0.6909,0.987,2.67E-05,-10.53066318,0.6819183,0
0.025,0.6909,0.987,2.06E-04,-8.486518516,0.6819183,0
0.03,0.6909,0.987,8.87E-04,-7.027355552,0.6819183,0
0.035,0.6909,0.987,0.002850982,-5.860091834,0.6819183,0
0.04,0.6909,0.987,0.006922117,-4.973033565,0.6819183,0
0.045,0.6909,0.987,0.01265603,-4.36962151,0.6819183,0
0.05,0.6909,0.987,0.017390946,-4.051805552,0.6819183,0
0.055,0.6909,0.987,0.033068281,-3.409180745,0.6819183,0
0.06,0.6909,0.987,0.047024477,-3.057087016,0.6819183,0
0.065,0.6909,0.987,0.068601371,-2.679442755,0.6819183,0
0.07,0.6909,0.987,0.103282624,-2.270286127,0.6819183,0
0.075,0.6909,0.987,0.105676188,-2.24737569,0.6819183,0
0.08,0.6909,0.987,0.16762256,-1.786040495,0.6819183,0
0.085,0.6909,0.987,0.281925194,-1.266113512,0.6819183,0
0.09,0.6909,0.987,0.290789523,-1.235155561,0.6819183,0
0.01,0.5922,0.987,2.46E-14,-31.33792679,0.5845014,0
0.015,0.5922,0.987,1.28E-09,-20.47389607,0.5845014,0
0.02,0.5922,0.987,2.79E-07,-15.09352784,0.5845014,0
0.025,0.5922,0.987,5.10E-06,-12.18625563,0.5845014,0
0.03,0.5922,0.987,4.06E-05,-10.11136915,0.5845014,0
0.035,0.5922,0.987,2.13E-04,-8.454697461,0.5845014,0
0.04,0.5922,0.987,7.40E-04,-7.208439505,0.5845014,0
0.045,0.5922,0.987,0.001700568,-6.376792675,0.5845014,0
0.05,0.5922,0.987,0.002597148,-5.953341439,0.5845014,0
0.055,0.5922,0.987,0.005992906,-5.117178908,0.5845014,0
0.06,0.5922,0.987,0.009205579,-4.687945549,0.5845014,0
0.065,0.5922,0.987,0.014276472,-4.249142421,0.5845014,0
0.07,0.5922,0.987,0.022437454,-3.797023666,0.5845014,0
0.075,0.5922,0.987,0.022636384,-3.788196747,0.5845014,0
0.08,0.5922,0.987,0.036592006,-3.307925482,0.5845014,0
0.085,0.5922,0.987,0.061538402,-2.788093882,0.5845014,0
0.09,0.5922,0.987,0.062206021,-2.777303476,0.5845014,0
0.01,0.987,0.93765,0.041819893,-3.174383133,0.92546055,0
0.015,0.987,0.93765,0.180354371,-1.712831636,0.92546055,0
0.02,0.987,0.93765,0.417800921,-0.872750225,0.92546055,0
0.025,0.987,0.93765,0.917665007,-0.085922871,0.92546055,0
0.03,0.987,0.93765,1.507271088,0.410300789,0.92546055,1
0.035,0.987,0.93765,2.047628233,0.716682164,0.92546055,1
0.04,0.987,0.93765,2.942082473,1.079117655,0.92546055,1
0.045,0.987,0.93765,4.514275002,1.507244599,0.92546055,1
0.05,0.987,0.93765,7.268338142,1.983527674,0.92546055,1
0.055,0.987,0.93765,10.76364469,2.376174223,0.92546055,1
0.06,0.987,0.93765,15.95266787,2.76962608,0.92546055,1
0.065,0.987,0.93765,20.49661227,3.020259617,0.92546055,1
0.07,0.987,0.93765,29.11303023,3.371185848,0.92546055,1
0.075,0.987,0.93765,41.26854945,3.720100695,0.92546055,1
0.08,0.987,0.93765,51.07211432,3.93323864,0.92546055,1
0.085,0.987,0.93765,62.89437645,4.141456755,0.92546055,1
0.09,0.987,0.93765,91.36439104,4.514855808,0.92546055,1
0.01,0.93765,0.93765,0.001926634,-6.251980796,0.879187523,0
0.015,0.93765,0.93765,0.022955351,-3.774204196,0.879187523,0
0.02,0.93765,0.93765,0.067705498,-2.692587897,0.879187523,0
0.025,0.93765,0.93765,0.154241611,-1.869235002,0.879187523,0
0.03,0.93765,0.93765,0.291342774,-1.233254788,0.879187523,0
0.035,0.93765,0.93765,0.468614509,-0.75797479,0.879187523,0
0.04,0.93765,0.93765,0.738068799,-0.303718235,0.879187523,0
0.045,0.93765,0.93765,1.147880372,0.137917087,0.879187523,1
0.05,0.93765,0.93765,1.746520038,0.557625258,0.879187523,1
0.055,0.93765,0.93765,2.754898103,1.013380456,0.879187523,1
0.06,0.93765,0.93765,4.070258222,1.403706443,0.879187523,1
0.065,0.93765,0.93765,5.443170312,1.694361669,0.879187523,1
0.07,0.93765,0.93765,8.12096782,2.094449337,0.879187523,1
0.075,0.93765,0.93765,10.80242999,2.379771108,0.879187523,1
0.08,0.93765,0.93765,14.46763995,2.671914428,0.879187523,1
0.085,0.93765,0.93765,19.44483664,2.967581566,0.879187523,1
0.09,0.93765,0.93765,26.50511924,3.277337893,0.879187523,1
0.01,0.8883,0.93765,7.52E-05,-9.496014072,0.832914495,0
0.015,0.8883,0.93765,0.002638204,-5.937656888,0.832914495,0
0.02,0.8883,0.93765,0.012858265,-4.353768492,0.832914495,0
0.025,0.8883,0.93765,0.034174851,-3.376265267,0.832914495,0
0.03,0.8883,0.93765,0.070538974,-2.651589901,0.832914495,0
0.035,0.8883,0.93765,0.126159489,-2.070208384,0.832914495,0
0.04,0.8883,0.93765,0.213871579,-1.542379544,0.832914495,0
0.045,0.8883,0.93765,0.338256921,-1.083949552,0.832914495,0
0.05,0.8883,0.93765,0.491880027,-0.709520439,0.832914495,0
0.055,0.8883,0.93765,0.807408786,-0.213925188,0.832914495,0
0.06,0.8883,0.93765,1.177065539,0.16302451,0.832914495,1
0.065,0.8883,0.93765,1.60665797,0.474156227,0.832914495,1
0.07,0.8883,0.93765,2.456914832,0.89890643,0.832914495,1
0.075,0.8883,0.93765,3.072523524,1.122499219,0.832914495,1
0.08,0.8883,0.93765,4.371306675,1.475061975,0.832914495,1
0.085,0.8883,0.93765,6.311082198,1.842307167,0.832914495,1
0.09,0.8883,0.93765,8.114230492,2.093619371,0.832914495,1
0.01,0.83895,0.93765,2.44E-06,-12.9255189,0.786641468,0
0.015,0.83895,0.93765,2.68E-04,-8.224045205,0.786641468,0
0.02,0.83895,0.93765,0.002347275,-6.054500231,0.786641468,0
0.025,0.83895,0.93765,0.008231542,-4.799781933,0.786641468,0
0.03,0.83895,0.93765,0.019828719,-3.92062393,0.786641468,0
0.035,0.83895,0.93765,0.039461381,-3.23243277,0.786641468,0
0.04,0.83895,0.93765,0.07133586,-2.640356132,0.786641468,0
0.045,0.83895,0.93765,0.115183246,-2.161230971,0.786641468,0
0.05,0.83895,0.93765,0.16294783,-1.814325188,0.786641468,0
0.055,0.83895,0.93765,0.274223125,-1.293813179,0.786641468,0
0.06,0.83895,0.93765,0.393387593,-0.932959912,0.786641468,0
0.065,0.83895,0.93765,0.540572727,-0.615126097,0.786641468,0
0.07,0.83895,0.93765,0.829366219,-0.187093461,0.786641468,0
0.075,0.83895,0.93765,0.980881053,-0.019304078,0.786641468,0
0.08,0.83895,0.93765,1.447132872,0.369584269,0.786641468,1
0.085,0.83895,0.93765,2.195257758,0.786299469,0.786641468,1
0.09,0.83895,0.93765,2.677877657,0.985024562,0.786641468,1
0.01,0.7896,0.93765,6.41E-08,-16.56299621,0.74036844,0
0.015,0.7896,0.93765,2.37E-05,-10.64903308,0.74036844,0
0.02,0.7896,0.93765,3.90E-04,-7.850082285,0.74036844,0
0.025,0.7896,0.93765,0.001902161,-6.264764735,0.74036844,0
0.03,0.7896,0.93765,0.005694806,-5.168200709,0.74036844,0
0.035,0.7896,0.93765,0.013195318,-4.327893187,0.74036844,0
0.04,0.7896,0.93765,0.026101504,-3.645762332,0.74036844,0
0.045,0.7896,0.93765,0.043773383,-3.12872933,0.74036844,0
0.05,0.7896,0.93765,0.06150781,-2.788591115,0.74036844,0
0.055,0.7896,0.93765,0.106204598,-2.242387874,0.74036844,0
0.06,0.7896,0.93765,0.150847093,-1.891488585,0.74036844,0
0.065,0.7896,0.93765,0.207778938,-1.571280564,0.74036844,0
0.07,0.7896,0.93765,0.316342021,-1.150931306,0.74036844,0
0.075,0.7896,0.93765,0.357675713,-1.028128532,0.74036844,0
0.08,0.7896,0.93765,0.535518179,-0.624520441,0.74036844,0
0.085,0.7896,0.93765,0.833840911,-0.181712649,0.74036844,0
0.09,0.7896,0.93765,0.9720039,-0.028395462,0.74036844,0
0.01,0.6909,0.93765,2.12E-11,-24.57487977,0.647822385,0
0.015,0.6909,0.93765,1.14E-07,-15.99028893,0.647822385,0
0.02,0.6909,0.93765,7.48E-06,-11.80274051,0.647822385,0
0.025,0.6909,0.93765,7.70E-05,-9.471436142,0.647822385,0
0.03,0.6909,0.93765,3.90E-04,-7.848703489,0.647822385,0
0.035,0.6909,0.93765,0.001357964,-6.601769092,0.647822385,0
0.04,0.6909,0.93765,0.003556849,-5.638880323,0.647822385,0
0.045,0.6909,0.93765,0.006992121,-4.962971395,0.647822385,0
0.05,0.6909,0.93765,0.010355815,-4.570207043,0.647822385,0
0.055,0.6909,0.93765,0.020013035,-3.91137147,0.647822385,0
0.06,0.6909,0.93765,0.029107599,-3.536756,0.647822385,0
0.065,0.6909,0.93765,0.041168269,-3.190087496,0.647822385,0
0.07,0.6909,0.93765,0.062631361,-2.770489149,0.647822385,0
0.075,0.6909,0.93765,0.067186374,-2.700284825,0.647822385,0
0.08,0.6909,0.93765,0.101463325,-2.288057873,0.647822385,0
0.085,0.6909,0.93765,0.160026031,-1.832418781,0.647822385,0
0.09,0.6909,0.93765,0.174987444,-1.743041056,0.647822385,0
0.01,0.5922,0.93765,2.04E-15,-33.82392056,0.55527633,0
0.015,0.5922,0.93765,2.39E-10,-22.15631613,0.55527633,0
0.02,0.5922,0.93765,7.81E-08,-16.36560155,0.55527633,0
0.025,0.5922,0.93765,1.90E-06,-13.17108773,0.55527633,0
0.03,0.5922,0.93765,1.79E-05,-10.93207577,0.55527633,0
0.035,0.5922,0.93765,1.02E-04,-9.193441488,0.55527633,0
0.04,0.5922,0.93765,3.84E-04,-7.865583092,0.55527633,0
0.045,0.5922,0.93765,9.56E-04,-6.952935371,0.55527633,0
0.05,0.5922,0.93765,0.001582959,-6.448459213,0.55527633,0
0.055,0.5922,0.93765,0.003787527,-5.576041996,0.55527633,0
0.06,0.5922,0.93765,0.006032993,-5.110512012,0.55527633,0
0.065,0.5922,0.93765,0.009272672,-4.680683728,0.55527633,0
0.07,0.5922,0.93765,0.015001208,-4.199624571,0.55527633,0
0.075,0.5922,0.93765,0.015794887,-4.148068983,0.55527633,0
0.08,0.5922,0.93765,0.024995658,-3.689053143,0.55527633,0
0.085,0.5922,0.93765,0.040641953,-3.202954432,0.55527633,0
0.09,0.5922,0.93765,0.043089417,-3.144477856,0.55527633,0
0.01,0.987,0.8883,0.003025509,-5.800675882,0.8767521,0
0.015,0.987,0.8883,0.030332447,-3.495537294,0.8767521,0
0.02,0.987,0.8883,0.082188626,-2.498738351,0.8767521,0
0.025,0.987,0.8883,0.19840016,-1.61746928,0.8767521,0
0.03,0.987,0.8883,0.36953443,-0.995511363,0.8767521,0
0.035,0.987,0.8883,0.535099146,-0.62530323,0.8767521,0
0.04,0.987,0.8883,0.800407257,-0.22263461,0.8767521,0
0.045,0.987,0.8883,1.267156397,0.236775333,0.8767521,1
0.05,0.987,0.8883,2.15238582,0.766576911,0.8767521,1
0.055,0.987,0.8883,3.162497048,1.15136192,0.8767521,1
0.06,0.987,0.8883,4.759397606,1.560121107,0.8767521,1
0.065,0.987,0.8883,5.734638369,1.746524692,0.8767521,1
0.07,0.987,0.8883,8.642902309,2.156738442,0.8767521,1
0.075,0.987,0.8883,13.20788867,2.580814277,0.8767521,1
0.08,0.987,0.8883,15.6105312,2.747945763,0.8767521,1
0.085,0.987,0.8883,18.30129512,2.906971829,0.8767521,1
0.09,0.987,0.8883,29.06625843,3.369577997,0.8767521,1
0.01,0.93765,0.8883,1.39E-04,-8.878273545,0.832914495,0
0.015,0.93765,0.8883,0.003893922,-5.54833848,0.832914495,0
0.02,0.93765,0.8883,0.016732013,-4.090431441,0.832914495,0
0.025,0.93765,0.8883,0.045323109,-3.093938247,0.832914495,0
0.03,0.93765,0.8883,0.091625543,-2.390045196,0.832914495,0
0.035,0.93765,0.8883,0.149961106,-1.897379313,0.832914495,0
0.04,0.93765,0.8883,0.242862407,-1.415260224,0.832914495,0
0.045,0.93765,0.8883,0.389496865,-0.942899462,0.832914495,0
0.05,0.93765,0.8883,0.622050924,-0.474733318,0.832914495,0
0.055,0.93765,0.8883,0.961916956,-0.038827156,0.832914495,0
0.06,0.93765,0.8883,1.426943385,0.355534663,0.832914495,1
0.065,0.93765,0.8883,1.781265695,0.577324176,0.832914495,1
0.07,0.93765,0.8883,2.748691727,1.011125063,0.832914495,1
0.075,0.93765,0.8883,3.897607349,1.360362865,0.832914495,1
0.08,0.93765,0.8883,4.957586527,1.600919035,0.832914495,1
0.085,0.93765,0.8883,6.311082198,1.842307167,0.832914495,1
0.09,0.93765,0.8883,9.342041535,2.234524808,0.832914495,1
0.01,0.8883,0.8883,5.44E-06,-12.12230682,0.78907689,0
0.015,0.8883,0.8883,4.48E-04,-7.711110676,0.78907689,0
0.02,0.8883,0.8883,0.003336591,-5.702805566,0.78907689,0
0.025,0.8883,0.8883,0.011562637,-4.459976334,0.78907689,0
0.03,0.8883,0.8883,0.026659662,-3.624603653,0.78907689,0
0.035,0.8883,0.8883,0.048534507,-3.025480242,0.78907689,0
0.04,0.8883,0.8883,0.083951843,-2.477511948,0.78907689,0
0.045,0.8883,0.8883,0.136834669,-1.988981876,0.78907689,0
0.05,0.8883,0.8883,0.209109496,-1.564897258,0.78907689,0
0.055,0.8883,0.8883,0.334750536,-1.094369694,0.78907689,0
0.06,0.8883,0.8883,0.487701969,-0.71805078,0.78907689,0
0.065,0.8883,0.8883,0.622284342,-0.474358149,0.78907689,0
0.07,0.8883,0.8883,0.96362228,-0.037055887,0.78907689,0
0.075,0.8883,0.8883,1.272127966,0.240691062,0.78907689,1
0.08,0.8883,0.8883,1.706413249,0.534393652,0.78907689,1
0.085,0.8883,0.8883,2.315954102,0.839821742,0.78907689,1
0.09,0.8883,0.8883,3.207161213,1.165386188,0.78907689,1
0.01,0.83895,0.8883,1.76E-07,-15.55181165,0.745239285,0
0.015,0.83895,0.8883,4.55E-05,-9.997452871,0.745239285,0
0.02,0.83895,0.8883,6.13E-04,-7.396361447,0.745239285,0
0.025,0.83895,0.8883,0.002889904,-5.846531883,0.745239285,0
0.03,0.83895,0.8883,0.00810492,-4.815284005,0.745239285,0
0.035,0.83895,0.8883,0.016959007,-4.076956224,0.745239285,0
0.04,0.83895,0.8883,0.031859261,-3.446427184,0.745239285,0
0.045,0.83895,0.8883,0.05351848,-2.927728271,0.745239285,0
0.05,0.83895,0.8883,0.080006294,-2.525649974,0.745239285,0
0.055,0.83895,0.8883,0.131983196,-2.025080665,0.745239285,0
0.06,0.83895,0.8883,0.18969442,-1.662340815,0.745239285,0
0.065,0.83895,0.8883,0.245607386,-1.40402101,0.745239285,0
0.07,0.83895,0.8883,0.377322239,-0.974655712,0.745239285,0
0.075,0.83895,0.8883,0.468257043,-0.758737897,0.745239285,0
0.08,0.83895,0.8883,0.648672998,-0.432826545,0.745239285,0
0.085,0.83895,0.8883,0.919114035,-0.084345079,0.745239285,0
0.09,0.83895,0.8883,1.197447888,0.180192532,0.745239285,1
0.01,0.7896,0.8883,4.64E-09,-19.18928896,0.70140168,0
0.015,0.7896,0.8883,4.03E-06,-12.42243807,0.70140168,0
0.02,0.7896,0.8883,1.02E-04,-9.191054988,0.70140168,0
0.025,0.7896,0.8883,6.73E-04,-7.304274688,0.70140168,0
0.03,0.7896,0.8883,0.002381498,-6.040025437,0.70140168,0
0.035,0.7896,0.8883,0.005937144,-5.126527016,0.70140168,0
0.04,0.7896,0.8883,0.012503991,-4.381707429,0.70140168,0
0.045,0.7896,0.8883,0.022212254,-3.807111165,0.70140168,0
0.05,0.7896,0.8883,0.033303841,-3.402082551,0.70140168,0
0.055,0.7896,0.8883,0.057174006,-2.861655922,0.70140168,0
0.06,0.7896,0.8883,0.081981273,-2.501264435,0.70140168,0
0.065,0.7896,0.8883,0.107710664,-2.228306683,0.70140168,0
0.07,0.7896,0.8883,0.164125457,-1.807124163,0.70140168,0
0.075,0.7896,0.8883,0.194195226,-1.638891308,0.70140168,0
0.08,0.7896,0.8883,0.273809583,-1.295322368,0.70140168,0
0.085,0.7896,0.8883,0.397905757,-0.921540094,0.70140168,0
0.09,0.7896,0.8883,0.491837971,-0.709605944,0.70140168,0
0.01,0.6909,0.8883,1.54E-12,-27.20117252,0.61372647,0
0.015,0.6909,0.8883,1.93E-08,-17.76369379,0.61372647,0
0.02,0.6909,0.8883,1.96E-06,-13.14360835,0.61372647,0
0.025,0.6909,0.8883,2.73E-05,-10.50955268,0.61372647,0
0.03,0.6909,0.8883,1.64E-04,-8.714021178,0.61372647,0
0.035,0.6909,0.8883,6.23E-04,-7.381593305,0.61372647,0
0.04,0.6909,0.8883,0.001772768,-6.3352133,0.61372647,0
0.045,0.6909,0.8883,0.003779196,-5.57824403,0.61372647,0
0.05,0.6909,0.8883,0.006071203,-5.104198526,0.61372647,0
0.055,0.6909,0.8883,0.012052046,-4.418520871,0.61372647,0
0.06,0.6909,0.8883,0.018046803,-4.014786726,0.61372647,0
0.065,0.6909,0.8883,0.024988981,-3.6893203,0.61372647,0
0.07,0.6909,0.8883,0.038683556,-3.252340673,0.61372647,0
0.075,0.6909,0.8883,0.043351141,-3.138422255,0.61372647,0
0.08,0.6909,0.8883,0.063023301,-2.764250757,0.61372647,0
0.085,0.6909,0.8883,0.094466648,-2.359508436,0.61372647,0
0.09,0.6909,0.8883,0.108546131,-2.220580028,0.61372647,0
0.01,0.5922,0.8883,1.48E-16,-36.45021331,0.52605126,0
0.015,0.5922,0.8883,4.05E-11,-23.92972098,0.52605126,0
0.02,0.5922,0.8883,2.04E-08,-17.70646864,0.52605126,0
0.025,0.5922,0.8883,6.75E-07,-14.20917864,0.52605126,0
0.03,0.5922,0.8883,7.53E-06,-11.79715644,0.52605126,0
0.035,0.5922,0.8883,4.67E-05,-9.972058917,0.52605126,0
0.04,0.5922,0.8883,1.92E-04,-8.557911969,0.52605126,0
0.045,0.5922,0.8883,5.21E-04,-7.55932747,0.52605126,0
0.05,0.5922,0.8883,9.41E-04,-6.969024848,0.52605126,0
0.055,0.5922,0.8883,0.002343083,-6.056287556,0.52605126,0
0.06,0.5922,0.8883,0.003884577,-5.55074126,0.52605126,0
0.065,0.5922,0.8883,0.005936493,-5.12663676,0.52605126,0
0.07,0.5922,0.8883,0.009939236,-4.611265124,0.52605126,0
0.075,0.5922,0.8883,0.010928192,-4.516409364,0.52605126,0
0.08,0.5922,0.8883,0.017030084,-4.072773847,0.52605126,0
0.085,0.5922,0.8883,0.027010137,-3.61154304,0.52605126,0
0.09,0.5922,0.8883,0.029962812,-3.507798282,0.52605126,0
0.01,0.987,0.83895,1.88E-04,-8.581544209,0.82804365,0
0.015,0.987,0.83895,0.00464771,-5.371380571,0.82804365,0
0.02,0.987,0.83895,0.018539734,-3.987839051,0.82804365,0
0.025,0.987,0.83895,0.05255981,-2.945803512,0.82804365,0
0.03,0.987,0.83895,0.105227407,-2.251631487,0.82804365,0
0.035,0.987,0.83895,0.158020814,-1.845028518,0.82804365,0
0.04,0.987,0.83895,0.245398697,-1.404871058,0.82804365,0
0.045,0.987,0.83895,0.400182889,-0.915833615,0.82804365,0
0.05,0.987,0.83895,0.704442769,-0.350348187,0.82804365,0
0.055,0.987,0.83895,1.024268134,0.023978342,0.82804365,1
0.06,0.987,0.83895,1.54552579,0.435364169,0.82804365,1
0.065,0.987,0.83895,1.756271786,0.563193259,0.82804365,1
0.07,0.987,0.83895,2.740127826,1.008004571,0.82804365,1
0.075,0.987,0.83895,4.417192966,1.485504419,0.82804365,1
0.08,0.987,0.83895,5.008699916,1.611176384,0.82804365,1
0.085,0.987,0.83895,5.626689827,1.727521317,0.82804365,1
0.09,0.987,0.83895,9.59685603,2.261435548,0.82804365,1
0.01,0.93765,0.83895,8.64E-06,-11.65914187,0.786641468,0
0.015,0.93765,0.83895,5.97E-04,-7.423215207,0.786641468,0
0.02,0.93765,0.83895,0.004008018,-5.519458538,0.786641468,0
0.025,0.93765,0.83895,0.014196361,-4.254769589,0.786641468,0
0.03,0.93765,0.83895,0.031937213,-3.443983401,0.786641468,0
0.035,0.93765,0.83895,0.053576504,-2.926644657,0.786641468,0
0.04,0.93765,0.83895,0.089081814,-2.418200073,0.786641468,0
0.045,0.93765,0.83895,0.147104245,-1.916613792,0.786641468,0
0.05,0.93765,0.83895,0.244218702,-1.409691135,0.786641468,0
0.055,0.93765,0.83895,0.37089322,-0.991841075,0.786641468,0
0.06,0.93765,0.83895,0.548709485,-0.600186148,0.786641468,0
0.065,0.93765,0.83895,0.64614285,-0.43673467,0.786641468,0
0.07,0.93765,0.83895,1.010124238,0.010073331,0.786641468,1
0.075,0.93765,0.83895,1.494918438,0.402071649,0.786641468,1
0.08,0.93765,0.83895,1.812057744,0.594463074,0.786641468,1
0.085,0.93765,0.83895,2.195257758,0.786299469,0.786641468,1
0.09,0.93765,0.83895,3.45875101,1.240907544,0.786641468,1
0.01,0.8883,0.83895,3.37E-07,-14.90317515,0.745239285,0
0.015,0.8883,0.83895,6.87E-05,-9.58591206,0.745239285,0
0.02,0.8883,0.83895,8.07E-04,-7.121907382,0.745239285,0
0.025,0.8883,0.83895,0.003807311,-5.570832125,0.745239285,0
0.03,0.8883,0.83895,0.010239228,-4.581529024,0.745239285,0
0.035,0.8883,0.83895,0.019605572,-3.93194149,0.745239285,0
0.04,0.8883,0.83895,0.03528887,-3.344187672,0.745239285,0
0.045,0.8883,0.83895,0.059752073,-2.817551398,0.745239285,0
0.05,0.8883,0.83895,0.095738814,-2.346131478,0.745239285,0
0.055,0.8883,0.83895,0.150729368,-1.892269313,0.745239285,0
0.06,0.8883,0.83895,0.219432169,-1.516712121,0.745239285,0
0.065,0.8883,0.83895,0.265454936,-1.326310184,0.745239285,0
0.07,0.8883,0.83895,0.4114179,-0.888145793,0.745239285,0
0.075,0.8883,0.83895,0.563757658,-0.573130804,0.745239285,0
0.08,0.8883,0.83895,0.716646329,-0.333172825,0.745239285,0
0.085,0.8883,0.83895,0.919114035,-0.084345079,0.745239285,0
0.09,0.8883,0.83895,1.343539102,0.295307253,0.745239285,1
0.01,0.83895,0.83895,1.09E-08,-18.33267998,0.703837103,0
0.015,0.83895,0.83895,6.98E-06,-11.87224915,0.703837103,0
0.02,0.83895,0.83895,1.49E-04,-8.814080212,0.703837103,0
0.025,0.83895,0.83895,9.62E-04,-6.946424424,0.703837103,0
0.03,0.83895,0.83895,0.003213168,-5.740498067,0.703837103,0
0.035,0.83895,0.83895,0.007243157,-4.927698147,0.703837103,0
0.04,0.83895,0.83895,0.014494275,-4.234001556,0.703837103,0
0.045,0.83895,0.83895,0.025760503,-3.658912862,0.703837103,0
0.05,0.83895,0.83895,0.040907683,-3.196437385,0.703837103,0
0.055,0.83895,0.83895,0.067065397,-2.702087061,0.703837103,0
0.06,0.83895,0.83895,0.097031818,-2.332716331,0.703837103,0
0.065,0.83895,0.83895,0.120173132,-2.118821809,0.703837103,0
0.07,0.83895,0.83895,0.184489328,-1.690163658,0.703837103,0
0.075,0.83895,0.83895,0.237513985,-1.437528774,0.703837103,0
0.08,0.83895,0.83895,0.311655295,-1.165857526,0.703837103,0
0.085,0.83895,0.83895,0.415899272,-0.877312183,0.703837103,0
0.09,0.83895,0.83895,0.568575522,-0.564621131,0.703837103,0
0.01,0.7896,0.83895,2.87E-10,-21.97015729,0.66243492,0
0.015,0.7896,0.83895,6.18E-07,-14.29723406,0.66243492,0
0.02,0.7896,0.83895,2.47E-05,-10.60860383,0.66243492,0
0.025,0.7896,0.83895,2.24E-04,-8.402114969,0.66243492,0
0.03,0.7896,0.83895,9.52E-04,-6.956936778,0.66243492,0
0.035,0.7896,0.83895,0.002586075,-5.95761408,0.66243492,0
0.04,0.7896,0.83895,0.005896631,-5.133374117,0.66243492,0
0.045,0.7896,0.83895,0.011272855,-4.485357638,0.66243492,0
0.05,0.7896,0.83895,0.01819514,-4.006600753,0.66243492,0
0.055,0.7896,0.83895,0.031541982,-3.456435852,0.66243492,0
0.06,0.7896,0.83895,0.045999492,-3.079124925,0.66243492,0
0.065,0.7896,0.83895,0.058435199,-2.839836855,0.66243492,0
0.07,0.7896,0.83895,0.089516598,-2.413331222,0.66243492,0
0.075,0.7896,0.83895,0.11008509,-2.206501667,0.66243492,0
0.08,0.7896,0.83895,0.147842055,-1.911610773,0.66243492,0
0.085,0.7896,0.83895,0.202893488,-1.595074127,0.66243492,0
0.09,0.7896,0.83895,0.262361244,-1.338032932,0.66243492,0
0.01,0.6909,0.83895,9.53E-14,-29.98204085,0.579630555,0
0.015,0.6909,0.83895,2.96E-09,-19.63848977,0.579630555,0
0.02,0.6909,0.83895,4.74E-07,-14.56113716,0.579630555,0
0.025,0.6909,0.83895,9.10E-06,-11.60700149,0.579630555,0
0.03,0.6909,0.83895,6.58E-05,-9.628640471,0.579630555,0
0.035,0.6909,0.83895,2.73E-04,-8.205165435,0.579630555,0
0.04,0.6909,0.83895,8.51E-04,-7.068711534,0.579630555,0
0.045,0.6909,0.83895,0.001982899,-6.223195494,0.579630555,0
0.05,0.6909,0.83895,0.003478484,-5.661158722,0.579630555,0
0.055,0.6909,0.83895,0.007154481,-4.94001634,0.579630555,0
0.06,0.6909,0.83895,0.011101717,-4.500655486,0.579630555,0
0.065,0.6909,0.83895,0.015162139,-4.188953814,0.579630555,0
0.07,0.6909,0.83895,0.024072484,-3.72668584,0.579630555,0
0.075,0.6909,0.83895,0.028155663,-3.570006789,0.579630555,0
0.08,0.6909,0.83895,0.039789391,-3.224154957,0.579630555,0
0.085,0.6909,0.83895,0.057384032,-2.857989198,0.579630555,0
0.09,0.6909,0.83895,0.068908292,-2.674978756,0.579630555,0
0.01,0.5922,0.83895,9.17E-18,-39.23108163,0.49682619,0
0.015,0.5922,0.83895,6.21E-12,-25.80451696,0.49682619,0
0.02,0.5922,0.83895,4.95E-09,-19.12399731,0.49682619,0
0.025,0.5922,0.83895,2.25E-07,-15.30662025,0.49682619,0
0.03,0.5922,0.83895,3.02E-06,-12.71169286,0.49682619,0
0.035,0.5922,0.83895,2.05E-05,-10.79515937,0.49682619,0
0.04,0.5922,0.83895,9.24E-05,-9.289656687,0.49682619,0
0.045,0.5922,0.83895,2.75E-04,-8.199910467,0.49682619,0
0.05,0.5922,0.83895,5.43E-04,-7.518573132,0.49682619,0
0.055,0.5922,0.83895,0.001413269,-6.561850075,0.49682619,0
0.06,0.5922,0.83895,0.002447454,-6.012707146,0.49682619,0
0.065,0.5922,0.83895,0.003727084,-5.592129036,0.49682619,0
0.07,0.5922,0.83895,0.006490795,-5.037370312,0.49682619,0
0.075,0.5922,0.83895,0.007464687,-4.897571811,0.49682619,0
0.08,0.5922,0.83895,0.011507963,-4.464716056,0.49682619,0
0.085,0.5922,0.83895,0.017931655,-4.021187677,0.49682619,0
0.09,0.5922,0.83895,0.020804183,-3.872601223,0.49682619,0
0.01,0.987,0.7896,9.79E-06,-11.53419645,0.7793352,0
0.015,0.987,0.7896,6.36E-04,-7.359970322,0.7793352,0
0.02,0.987,0.7896,0.004067921,-5.504623286,0.7793352,0
0.025,0.987,0.7896,0.015210855,-4.185745969,0.7793352,0
0.03,0.987,0.7896,0.033949508,-3.382880914,0.7793352,0
0.035,0.987,0.7896,0.05287758,-2.939775853,0.7793352,0
0.04,0.987,0.7896,0.084969384,-2.465464275,0.7793352,0
0.045,0.987,0.7896,0.142555639,-1.948022904,0.7793352,0
0.05,0.987,0.7896,0.25750345,-1.356722159,0.7793352,0
0.055,0.987,0.7896,0.37086318,-0.991922072,0.7793352,0
0.06,0.987,0.7896,0.556626662,-0.58586053,0.7793352,0
0.065,0.987,0.7896,0.603614112,-0.504820173,0.7793352,0
0.07,0.987,0.7896,0.952593997,-0.048566492,0.7793352,0
0.075,0.987,0.7896,1.579398291,0.457043946,0.7793352,1
0.08,0.987,0.7896,1.727360652,0.546594609,0.7793352,1
0.085,0.987,0.7896,1.872394399,0.627218039,0.7793352,1
0.09,0.987,0.7896,3.347289032,1.208150774,0.7793352,1
0.01,0.93765,0.7896,4.51E-07,-14.61179412,0.74036844,0
0.015,0.93765,0.7896,8.18E-05,-9.411710665,0.74036844,0
0.02,0.93765,0.7896,8.89E-04,-7.02496671,0.74036844,0
0.025,0.93765,0.7896,0.004355245,-5.436374391,0.74036844,0
0.03,0.93765,0.7896,0.011480311,-4.467121773,0.74036844,0
0.035,0.93765,0.7896,0.020356016,-3.894378788,0.74036844,0
0.04,0.93765,0.7896,0.035391072,-3.341295697,0.74036844,0
0.045,0.93765,0.7896,0.060708641,-2.801669242,0.74036844,0
0.05,0.93765,0.7896,0.104700968,-2.256646916,0.74036844,0
0.055,0.93765,0.7896,0.157279399,-1.849731443,0.74036844,0
0.06,0.93765,0.7896,0.231915031,-1.461384219,0.74036844,0
0.065,0.93765,0.7896,0.261308099,-1.342055112,0.74036844,0
0.07,0.93765,0.7896,0.408322994,-0.895696767,0.74036844,0
0.075,0.93765,0.7896,0.61863146,-0.480245563,0.74036844,0
0.08,0.93765,0.7896,0.718677886,-0.330342025,0.74036844,0
0.085,0.93765,0.7896,0.833840911,-0.181712649,0.74036844,0
0.09,0.93765,0.7896,1.366067511,0.311936183,0.74036844,1
0.01,0.8883,0.7896,1.76E-08,-17.85582739,0.70140168,0
0.015,0.8883,0.7896,9.40E-06,-11.57440018,0.70140168,0
0.02,0.8883,0.7896,1.79E-04,-8.625671442,0.70140168,0
0.025,0.8883,0.7896,0.001184579,-6.738367712,0.70140168,0
0.03,0.8883,0.7896,0.003825345,-5.566106561,0.70140168,0
0.035,0.8883,0.7896,0.007917958,-4.838621889,0.70140168,0
0.04,0.8883,0.7896,0.015228936,-4.184558008,0.70140168,0
0.045,0.8883,0.7896,0.027297734,-3.60095157,0.70140168,0
0.05,0.8883,0.7896,0.046218443,-3.07437637,0.70140168,0
0.055,0.8883,0.7896,0.072491832,-2.624281389,0.70140168,0
0.06,0.8883,0.7896,0.105984399,-2.244463372,0.70140168,0
0.065,0.8883,0.7896,0.123364573,-2.092611299,0.70140168,0
0.07,0.8883,0.7896,0.190795963,-1.656550679,0.70140168,0
0.075,0.8883,0.7896,0.268128052,-1.316290605,0.70140168,0
0.08,0.8883,0.7896,0.325655942,-1.121913847,0.70140168,0
0.085,0.8883,0.7896,0.397905757,-0.921540094,0.70140168,0
0.09,0.8883,0.7896,0.602142919,-0.507260455,0.70140168,0
0.01,0.83895,0.7896,5.70E-10,-21.28533222,0.66243492,0
0.015,0.83895,0.7896,9.56E-07,-13.86073678,0.66243492,0
0.02,0.83895,0.7896,3.30E-05,-10.31760383,0.66243492,0
0.025,0.83895,0.7896,3.00E-04,-8.111057317,0.66243492,0
0.03,0.83895,0.7896,0.001213746,-6.714043804,0.66243492,0
0.035,0.83895,0.7896,0.00299377,-5.811221772,0.66243492,0
0.04,0.83895,0.7896,0.006508645,-5.034623991,0.66243492,0
0.045,0.83895,0.7896,0.012472066,-4.38426382,0.66243492,0
0.05,0.83895,0.7896,0.021290036,-3.84951612,0.66243492,0
0.055,0.83895,0.7896,0.035246297,-3.345394818,0.66243492,0
0.06,0.83895,0.7896,0.051760984,-2.961118628,0.66243492,0
0.065,0.83895,0.7896,0.062151093,-2.778186867,0.66243492,0
0.07,0.83895,0.7896,0.095774221,-2.345761724,0.66243492,0
0.075,0.83895,0.7896,0.127106493,-2.062730016,0.66243492,0
0.08,0.83895,0.7896,0.159670615,-1.834642244,0.66243492,0
0.085,0.83895,0.7896,0.202893488,-1.595074127,0.66243492,0
0.09,0.83895,0.7896,0.286999978,-1.248273138,0.66243492,0
0.01,0.7896,0.7896,1.50E-11,-24.92280953,0.62346816,0
0.015,0.7896,0.7896,8.46E-08,-16.28572166,0.62346816,0
0.02,0.7896,0.7896,5.49E-06,-12.11209795,0.62346816,0
0.025,0.7896,0.7896,7.01E-05,-9.566211632,0.62346816,0
0.03,0.7896,0.7896,3.61E-04,-7.927714186,0.62346816,0
0.035,0.7896,0.7896,0.001076983,-6.833592117,0.62346816,0
0.04,0.7896,0.7896,0.002690935,-5.917866738,0.62346816,0
0.045,0.7896,0.7896,0.005612269,-5.182800266,0.62346816,0
0.05,0.7896,0.7896,0.009858914,-4.619379309,0.62346816,0
0.055,0.7896,0.7896,0.017512771,-4.044824912,0.62346816,0
0.06,0.7896,0.7896,0.026215212,-3.641415426,0.62346816,0
0.065,0.7896,0.7896,0.032560804,-3.424646036,0.62346816,0
0.07,0.7896,0.7896,0.050560446,-2.984585706,0.62346816,0
0.075,0.7896,0.7896,0.064455821,-2.741775241,0.62346816,0
0.08,0.7896,0.7896,0.083390095,-2.48422574,0.62346816,0
0.085,0.7896,0.7896,0.109446183,-2.212322332,0.62346816,0
0.09,0.7896,0.7896,0.146735497,-1.919123653,0.62346816,0
0.01,0.6909,0.7896,4.97E-15,-32.93469309,0.54553464,0
0.015,0.6909,0.7896,4.05E-10,-21.62697736,0.54553464,0
0.02,0.6909,0.7896,1.05E-07,-16.0646278,0.54553464,0
0.025,0.6909,0.7896,2.84E-06,-12.77099612,0.54553464,0
0.03,0.6909,0.7896,2.49E-05,-10.59866226,0.54553464,0
0.035,0.6909,0.7896,1.14E-04,-9.07834147,0.54553464,0
0.04,0.6909,0.7896,3.92E-04,-7.845484805,0.54553464,0
0.045,0.6909,0.7896,0.00100333,-6.904431011,0.54553464,0
0.05,0.6909,0.7896,0.001935267,-6.24751002,0.54553464,0
0.055,0.6909,0.7896,0.004152829,-5.483965598,0.54553464,0
0.06,0.6909,0.7896,0.006718458,-5.002896684,0.54553464,0
0.065,0.6909,0.7896,0.009098178,-4.699681142,0.54553464,0
0.07,0.6909,0.7896,0.014935175,-4.20403613,0.54553464,0
0.075,0.6909,0.7896,0.018254865,-4.003323674,0.54553464,0
0.08,0.6909,0.7896,0.025281774,-3.677671525,0.54553464,0
0.085,0.6909,0.7896,0.035455351,-3.339481085,0.54553464,0
0.09,0.6909,0.7896,0.044401632,-3.114479058,0.54553464,0
0.01,0.5922,0.7896,4.78E-19,-42.18373388,0.46760112,0
0.015,0.5922,0.7896,8.50E-13,-27.79300455,0.46760112,0
0.02,0.5922,0.7896,1.10E-09,-20.62748793,0.46760112,0
0.025,0.5922,0.7896,7.03E-08,-16.47061301,0.46760112,0
0.03,0.5922,0.7896,1.14E-06,-13.6816874,0.46760112,0
0.035,0.5922,0.7896,8.56E-06,-11.66816106,0.46760112,0
0.04,0.5922,0.7896,4.25E-05,-10.06570043,0.46760112,0
0.045,0.5922,0.7896,1.39E-04,-8.879097033,0.46760112,0
0.05,0.5922,0.7896,3.03E-04,-8.101003835,0.46760112,0
0.055,0.5922,0.7896,8.28E-04,-7.096778171,0.46760112,0
0.06,0.5922,0.7896,0.00150271,-6.500484826,0.46760112,0
0.065,0.5922,0.7896,0.002283594,-6.082004683,0.46760112,0
0.07,0.5922,0.7896,0.004156575,-5.483063884,0.46760112,0
0.075,0.5922,0.7896,0.005012375,-5.295845453,0.46760112,0
0.08,0.5922,0.7896,0.007671027,-4.870304791,0.46760112,0
0.085,0.5922,0.7896,0.011808499,-4.438935765,0.46760112,0
0.09,0.5922,0.7896,0.014346351,-4.244259685,0.46760112,0
0.01,0.987,0.6909,1.46E-08,-18.04363275,0.6819183,0
0.015,0.987,0.6909,7.97E-06,-11.73980924,0.6819183,0
0.02,0.987,0.6909,1.48E-04,-8.818589276,0.6819183,0
0.025,0.987,0.6909,0.001143611,-6.773564578,0.6819183,0
0.03,0.987,0.6909,0.003714084,-5.595623179,0.6819183,0
0.035,0.987,0.6909,0.006775349,-4.994464396,0.6819183,0
0.04,0.987,0.6909,0.012457765,-4.385411184,0.6819183,0
0.045,0.987,0.6909,0.023236939,-3.762012053,0.6819183,0
0.05,0.987,0.6909,0.045267559,-3.095164644,0.6819183,0
0.055,0.987,0.6909,0.065523576,-2.725345265,0.6819183,0
0.06,0.987,0.6909,0.097960945,-2.323186395,0.6819183,0
0.065,0.987,0.6909,0.100820826,-2.294410334,0.6819183,0
0.07,0.987,0.6909,0.15799377,-1.845199676,0.6819183,0
0.075,0.987,0.6909,0.262626298,-1.337023177,0.6819183,0
0.08,0.987,0.6909,0.272931743,-1.298533541,0.6819183,0
0.085,0.987,0.6909,0.281925194,-1.266113512,0.6819183,0
0.09,0.987,0.6909,0.51388874,-0.665748496,0.6819183,0
0.01,0.93765,0.6909,6.72E-10,-21.12123042,0.647822385,0
0.015,0.93765,0.6909,1.02E-06,-13.79154105,0.647822385,0
0.02,0.93765,0.6909,3.24E-05,-10.33690371,0.647822385,0
0.025,0.93765,0.6909,3.34E-04,-8.005417293,0.647822385,0
0.03,0.93765,0.6909,0.001325643,-6.625858025,0.647822385,0
0.035,0.93765,0.6909,0.002834654,-5.865835244,0.647822385,0
0.04,0.93765,0.6909,0.005833689,-5.144105642,0.647822385,0
0.045,0.93765,0.6909,0.01157155,-4.459205793,0.647822385,0
0.05,0.93765,0.6909,0.022550436,-3.792000857,0.647822385,0
0.055,0.93765,0.6909,0.034510404,-3.36649443,0.647822385,0
0.06,0.93765,0.6909,0.051730165,-2.961714205,0.647822385,0
0.065,0.93765,0.6909,0.055498556,-2.891398276,0.647822385,0
0.07,0.93765,0.6909,0.086707035,-2.445220262,0.647822385,0
0.075,0.93765,0.6909,0.134066491,-2.009419399,0.647822385,0
0.08,0.93765,0.6909,0.146620887,-1.919905026,0.647822385,0
0.085,0.93765,0.6909,0.160026031,-1.832418781,0.647822385,0
0.09,0.93765,0.6909,0.268488155,-1.314948481,0.647822385,0
0.01,0.8883,0.6909,2.62E-11,-24.36526369,0.61372647,0
0.015,0.8883,0.6909,1.18E-07,-15.95422991,0.61372647,0
0.02,0.8883,0.6909,6.54E-06,-11.93729848,0.61372647,0
0.025,0.8883,0.6909,9.11E-05,-9.303209199,0.61372647,0
0.03,0.8883,0.6909,4.49E-04,-7.708451159,0.61372647,0
0.035,0.8883,0.6909,0.001139028,-6.777579751,0.61372647,0
0.04,0.8883,0.6909,0.002655618,-5.931077821,0.61372647,0
0.045,0.8883,0.6909,0.005681633,-5.170516586,0.61372647,0
0.05,0.8883,0.6909,0.011303252,-4.482664828,0.61372647,0
0.055,0.8883,0.6909,0.018478753,-3.991133668,0.61372647,0
0.06,0.8883,0.6909,0.028122645,-3.571180143,0.61372647,0
0.065,0.8883,0.6909,0.031390054,-3.461264184,0.61372647,0
0.07,0.8883,0.6909,0.0493729,-3.008353584,0.61372647,0
0.075,0.8883,0.6909,0.07238137,-2.625806327,0.61372647,0
0.08,0.8883,0.6909,0.082634527,-2.49332768,0.61372647,0
0.085,0.8883,0.6909,0.094466648,-2.359508436,0.61372647,0
0.09,0.8883,0.6909,0.148161856,-1.909449978,0.61372647,0
0.01,0.83895,0.6909,8.49E-13,-27.79476852,0.579630555,0
0.015,0.83895,0.6909,1.20E-08,-18.24056646,0.579630555,0
0.02,0.83895,0.6909,1.20E-06,-13.62918822,0.579630555,0
0.025,0.83895,0.6909,2.31E-05,-10.67504718,0.579630555,0
0.03,0.83895,0.6909,1.43E-04,-8.851951423,0.579630555,0
0.035,0.83895,0.6909,4.36E-04,-7.73897509,0.579630555,0
0.04,0.83895,0.6909,0.001162168,-6.757467906,0.579630555,0
0.045,0.83895,0.6909,0.002710307,-5.910693302,0.579630555,0
0.05,0.83895,0.6909,0.005579984,-5.188569384,0.579630555,0
0.055,0.83895,0.6909,0.009859789,-4.61929052,0.579630555,0
0.06,0.83895,0.6909,0.015416567,-4.172312543,0.579630555,0
0.065,0.83895,0.6909,0.017922476,-4.021699731,0.579630555,0
0.07,0.83895,0.6909,0.028695022,-3.551031618,0.579630555,0
0.075,0.83895,0.6909,0.040546189,-3.205313484,0.579630555,0
0.08,0.83895,0.6909,0.048150034,-3.033433425,0.579630555,0
0.085,0.83895,0.6909,0.057384032,-2.857989198,0.579630555,0
0.09,0.83895,0.6909,0.085426072,-2.46010393,0.579630555,0
0.01,0.7896,0.6909,2.23E-14,-31.43224583,0.54553464,0
0.015,0.7896,0.6909,1.06E-09,-20.66555133,0.54553464,0
0.02,0.7896,0.6909,2.00E-07,-15.42367711,0.54553464,0
0.025,0.7896,0.6909,5.39E-06,-12.13004473,0.54553464,0
0.03,0.7896,0.6909,4.26E-05,-10.0645255,0.54553464,0
0.035,0.7896,0.6909,1.57E-04,-8.757820916,0.54553464,0
0.04,0.7896,0.6909,4.85E-04,-7.631689081,0.54553464,0
0.045,0.7896,0.6909,0.001242951,-6.690267244,0.54553464,0
0.05,0.7896,0.6909,0.002671738,-5.925026206,0.54553464,0
0.055,0.7896,0.6909,0.00515944,-5.266927316,0.54553464,0
0.06,0.7896,0.6909,0.00837186,-4.782879151,0.54553464,0
0.065,0.7896,0.6909,0.010169075,-4.588404074,0.54553464,0
0.07,0.7896,0.6909,0.016754916,-4.089063544,0.54553464,0
0.075,0.7896,0.6909,0.023115257,-3.767262416,0.54553464,0
0.08,0.7896,0.6909,0.028564102,-3.55560452,0.54553464,0
0.085,0.7896,0.6909,0.035455351,-3.339481085,0.54553464,0
0.09,0.7896,0.6909,0.050786964,-2.980115578,0.54553464,0
0.01,0.6909,0.6909,7.41E-18,-39.44412939,0.47734281,0
0.015,0.6909,0.6909,5.07E-12,-26.00680704,0.47734281,0
0.02,0.6909,0.6909,3.85E-09,-19.37620634,0.47734281,0
0.025,0.6909,0.6909,2.19E-07,-15.33479942,0.47734281,0
0.03,0.6909,0.6909,2.95E-06,-12.73517552,0.47734281,0
0.035,0.6909,0.6909,1.67E-05,-11.001277,0.47734281,0
0.04,0.6909,0.6909,7.08E-05,-9.555105977,0.47734281,0
0.045,0.6909,0.6909,2.25E-04,-8.40140336,0.47734281,0
0.05,0.6909,0.6909,5.35E-04,-7.532677379,0.47734281,0
0.055,0.6909,0.6909,0.001271423,-6.667618789,0.47734281,0
0.06,0.6909,0.6909,0.002273024,-6.08664437,0.47734281,0
0.065,0.6909,0.6909,0.003054352,-5.791187936,0.47734281,0
0.07,0.6909,0.6909,0.005482748,-5.206148797,0.47734281,0
0.075,0.6909,0.6909,0.0073926,-4.907275774,0.47734281,0
0.08,0.6909,0.6909,0.010007703,-4.604400166,0.47734281,0
0.085,0.6909,0.6909,0.01359077,-4.298364385,0.47734281,0
0.09,0.6909,0.6909,0.018606578,-3.984240121,0.47734281,0
0.01,0.5922,0.6909,7.13E-22,-48.69317018,0.40915098,0
0.015,0.5922,0.6909,1.07E-14,-32.17283423,0.40915098,0
0.02,0.5922,0.6909,4.01E-11,-23.93906647,0.40915098,0
0.025,0.5922,0.6909,5.41E-09,-19.03441575,0.40915098,0
0.03,0.5922,0.6909,1.35E-07,-15.81818991,0.40915098,0
0.035,0.5922,0.6909,1.25E-06,-13.59101639,0.40915098,0
0.04,0.5922,0.6909,7.70E-06,-11.77492842,0.40915098,0
0.045,0.5922,0.6909,3.12E-05,-10.37476938,0.40915098,0
0.05,0.5922,0.6909,8.41E-05,-9.383229551,0.40915098,0
0.055,0.5922,0.6909,2.55E-04,-8.273018326,0.40915098,0
0.06,0.5922,0.6909,5.15E-04,-7.571200951,0.40915098,0
0.065,0.5922,0.6909,7.81E-04,-7.154587531,0.40915098,0
0.07,0.5922,0.6909,0.001575124,-6.453421067,0.40915098,0
0.075,0.5922,0.6909,0.002109417,-6.161343564,0.40915098,0
0.08,0.5922,0.6909,0.003203051,-5.743651529,0.40915098,0
0.085,0.5922,0.6909,0.004866034,-5.325476023,0.40915098,0
0.09,0.5922,0.6909,0.006540145,-5.029795895,0.40915098,0
0.01,0.987,0.5922,7.91E-12,-25.56258173,0.5845014,0
0.015,0.987,0.5922,5.08E-08,-16.79595158,0.5845014,0
0.02,0.987,0.5922,3.23E-06,-12.64156454,0.5845014,0
0.025,0.987,0.5922,5.92E-05,-9.734268187,0.5845014,0
0.03,0.987,0.5922,3.13E-04,-8.067809624,0.5845014,0
0.035,0.987,0.5922,7.26E-04,-7.227990342,0.5845014,0
0.04,0.987,0.5922,0.001679515,-6.389250361,0.5845014,0
0.045,0.987,0.5922,0.003872914,-5.553748152,0.5845014,0
0.05,0.987,0.5922,0.009037868,-4.706331928,0.5845014,0
0.055,0.987,0.5922,0.013986786,-4.269642243,0.5845014,0
0.06,0.987,0.5922,0.02196805,-3.818166138,0.5845014,0
0.065,0.987,0.5922,0.022234397,-3.806114777,0.5845014,0
0.07,0.987,0.5922,0.035778126,-3.330418592,0.5845014,0
0.075,0.987,0.5922,0.059931662,-2.814550329,0.5845014,0
0.08,0.987,0.5922,0.060844124,-2.799440033,0.5845014,0
0.085,0.987,0.5922,0.061538402,-2.788093882,0.5845014,0
0.09,0.987,0.5922,0.110532222,-2.2024482,0.5845014,0
0.01,0.93765,0.5922,3.65E-13,-28.64017939,0.55527633,0
0.015,0.93765,0.5922,6.52E-09,-18.84768336,0.55527633,0
0.02,0.93765,0.5922,7.09E-07,-14.15984633,0.55527633,0
0.025,0.93765,0.5922,1.73E-05,-10.9653274,0.55527633,0
0.03,0.93765,0.5922,1.12E-04,-9.093876896,0.55527633,0
0.035,0.93765,0.5922,3.06E-04,-8.090327967,0.55527633,0
0.04,0.93765,0.5922,8.01E-04,-7.129633175,0.55527633,0
0.045,0.93765,0.5922,0.001998603,-6.215306807,0.55527633,0
0.05,0.93765,0.5922,0.004814187,-5.336187994,0.55527633,0
0.055,0.93765,0.5922,0.008018713,-4.825977401,0.55527633,0
0.06,0.93765,0.5922,0.012932826,-4.347986542,0.55527633,0
0.065,0.93765,0.5922,0.013642202,-4.294587199,0.55527633,0
0.07,0.93765,0.5922,0.022395469,-3.798896601,0.55527633,0
0.075,0.93765,0.5922,0.036117475,-3.32097847,0.55527633,0
0.08,0.93765,0.5922,0.038357249,-3.260811755,0.55527633,0
0.085,0.93765,0.5922,0.040641953,-3.202954432,0.55527633,0
0.09,0.93765,0.5922,0.069275267,-2.669667332,0.55527633,0
0.01,0.8883,0.5922,1.42E-14,-31.88421267,0.52605126,0
0.015,0.8883,0.5922,7.50E-10,-21.01037221,0.52605126,0
0.02,0.8883,0.5922,1.43E-07,-15.76023612,0.52605126,0
0.025,0.8883,0.5922,4.72E-06,-12.26294513,0.52605126,0
0.03,0.8883,0.5922,3.81E-05,-10.17527863,0.52605126,0
0.035,0.8883,0.5922,1.24E-04,-8.998871336,0.52605126,0
0.04,0.8883,0.5922,3.67E-04,-7.908923784,0.52605126,0
0.045,0.8883,0.5922,9.98E-04,-6.909656443,0.52605126,0
0.05,0.8883,0.5922,0.00249876,-5.991960848,0.52605126,0
0.055,0.8883,0.5922,0.004513417,-5.400700675,0.52605126,0
0.06,0.8883,0.5922,0.007531741,-4.888629092,0.52605126,0
0.065,0.8883,0.5922,0.008288432,-4.792894434,0.52605126,0
0.07,0.8883,0.5922,0.013995409,-4.269025965,0.52605126,0
0.075,0.8883,0.5922,0.022000692,-3.816681385,0.52605126,0
0.08,0.8883,0.5922,0.024390909,-3.713544813,0.52605126,0
0.085,0.8883,0.5922,0.027010137,-3.61154304,0.52605126,0
0.09,0.8883,0.5922,0.044258038,-3.11771827,0.52605126,0
0.01,0.83895,0.5922,4.61E-16,-35.3137175,0.49682619,0
0.015,0.83895,0.5922,7.63E-11,-23.29670876,0.49682619,0
0.02,0.83895,0.5922,2.63E-08,-17.45212517,0.49682619,0
0.025,0.83895,0.5922,1.20E-06,-13.63474795,0.49682619,0
0.03,0.83895,0.5922,1.21E-05,-11.31846213,0.49682619,0
0.035,0.83895,0.5922,4.73E-05,-9.959203523,0.49682619,0
0.04,0.83895,0.5922,1.61E-04,-8.732287188,0.49682619,0
0.045,0.83895,0.5922,4.80E-04,-7.64228402,0.49682619,0
0.05,0.83895,0.5922,0.00125441,-6.681090166,0.49682619,0
0.055,0.83895,0.5922,0.002474777,-6.001605063,0.49682619,0
0.06,0.83895,0.5922,0.004299378,-5.449284992,0.49682619,0
0.065,0.83895,0.5922,0.004946716,-5.309031397,0.49682619,0
0.07,0.83895,0.5922,0.008654442,-4.749682588,0.49682619,0
0.075,0.83895,0.5922,0.01338344,-4.313737191,0.49682619,0
0.08,0.83895,0.5922,0.015494905,-4.167244031,0.49682619,0
0.085,0.83895,0.5922,0.017931655,-4.021187677,0.49682619,0
0.09,0.83895,0.5922,0.028552498,-3.556010837,0.49682619,0
0.01,0.7896,0.5922,1.21E-17,-38.95119481,0.46760112,0
0.015,0.7896,0.5922,6.75E-12,-25.72169363,0.46760112,0
0.02,0.7896,0.5922,4.38E-09,-19.24661398,0.46760112,0
0.025,0.7896,0.5922,2.80E-07,-15.08973904,0.46760112,0
0.03,0.7896,0.5922,3.61E-06,-12.5309583,0.46760112,0
0.035,0.7896,0.5922,1.71E-05,-10.97771914,0.46760112,0
0.04,0.7896,0.5922,6.74E-05,-9.605386045,0.46760112,0
0.045,0.7896,0.5922,2.21E-04,-8.418694691,0.46760112,0
0.05,0.7896,0.5922,6.05E-04,-7.410010586,0.46760112,0
0.055,0.7896,0.5922,0.001313168,-6.63531245,0.46760112,0
0.06,0.7896,0.5922,0.002387285,-6.03759857,0.46760112,0
0.065,0.7896,0.5922,0.002880172,-5.849905382,0.46760112,0
0.07,0.7896,0.5922,0.005254423,-5.248685118,0.46760112,0
0.075,0.7896,0.5922,0.008044539,-4.82276175,0.46760112,0
0.08,0.7896,0.5922,0.009747573,-4.630736974,0.46760112,0
0.085,0.7896,0.5922,0.011808499,-4.438935765,0.46760112,0
0.09,0.7896,0.5922,0.018430257,-3.993761585,0.46760112,0
0.01,0.6909,0.5922,4.02E-21,-46.96307836,0.40915098,0
0.015,0.6909,0.5922,3.23E-14,-31.06294934,0.40915098,0
0.02,0.6909,0.5922,8.41E-11,-23.1991432,0.40915098,0
0.025,0.6909,0.5922,1.13E-08,-18.29449249,0.40915098,0
0.03,0.6909,0.5922,2.50E-07,-15.20158717,0.40915098,0
0.035,0.6909,0.5922,1.81E-06,-13.22105457,0.40915098,0
0.04,0.6909,0.5922,9.85E-06,-11.52828607,0.40915098,0
0.045,0.6909,0.5922,3.99E-05,-10.12812034,0.40915098,0
0.05,0.6909,0.5922,1.22E-04,-9.013219813,0.40915098,0
0.055,0.6909,0.5922,3.27E-04,-8.026251486,0.40915098,0
0.06,0.6909,0.5922,6.59E-04,-7.324241745,0.40915098,0
0.065,0.6909,0.5922,8.84E-04,-7.031008767,0.40915098,0
0.07,0.6909,0.5922,0.001782999,-6.329458304,0.40915098,0
0.075,0.6909,0.5922,0.002705049,-5.912635269,0.40915098,0
0.08,0.6909,0.5922,0.00362941,-5.618685085,0.40915098,0
0.085,0.6909,0.5922,0.004866034,-5.325476023,0.40915098,0
0.09,0.6909,0.5922,0.007429017,-4.902361773,0.40915098,0
0.01,0.5922,0.5922,3.87E-25,-56.21211915,0.35070084,0
0.015,0.5922,0.5922,6.79E-17,-37.22897653,0.35070084,0
0.02,0.5922,0.5922,8.77E-13,-27.76200333,0.35070084,0
0.025,0.5922,0.5922,2.81E-10,-21.99410881,0.35070084,0
0.03,0.5922,0.5922,1.15E-08,-18.28460081,0.35070084,0
0.035,0.5922,0.5922,1.36E-07,-15.81078649,0.35070084,0
0.04,0.5922,0.5922,1.07E-06,-13.74806033,0.35070084,0
0.045,0.5922,0.5922,5.55E-06,-12.10127647,0.35070084,0
0.05,0.5922,0.5922,1.92E-05,-10.86314504,0.35070084,0
0.055,0.5922,0.5922,6.57E-05,-9.629828717,0.35070084,0
0.06,0.5922,0.5922,1.50E-04,-8.805099116,0.35070084,0
0.065,0.5922,0.5922,2.27E-04,-8.389011489,0.35070084,0
0.07,0.5922,0.5922,5.18E-04,-7.566201379,0.35070084,0
0.075,0.5922,0.5922,7.83E-04,-7.151974561,0.35070084,0
0.08,0.5922,0.5922,0.00118592,-6.737236701,0.35070084,0
0.085,0.5922,0.5922,0.001792633,-6.324069979,0.35070084,0
0.09,0.5922,0.5922,0.002713703,-5.909441136,0.35070084,0
